collection,edge_id,source,target,label,geometry,directional,sequence,beaker,tags,distance
vic,1,vb106,vb104,GADES <> AD PORTVM,"[[-6.2944,36.5284],[-6.1613,36.6271]]",0,,1,"item, route1",24
vic,2,vb104,vb103,AD PORTVM <> HASTAM,"[[-6.1613,36.6271],[-6.1815,36.7865]]",0,,1,"item, route1",16
vic,3,vb103,vb102,HASTAM <> VGIAM,"[[-6.1815,36.7865],[-5.8293,36.9901]]",0,,1,"item, route1",27
vic,4,vb102,vb101,VGIAM <> ORIPPVM,"[[-5.8293,36.9901],[-6.0045,37.2738]]",0,,1,"item, route1",24
vic,5,vb101,vb100,ORIPPVM <> HISPALIM,"[[-6.0045,37.2738],[-5.9963,37.3826]]",0,,1,"item, route1",9
vic,6,vb100,vb99,HISPALIM <> CARMONEM,"[[-5.9963,37.3826],[-5.6507,37.4696]]",0,,1,"item, route 2",22
vic,7,vb99,vb98,CARMONEM <> OBVCLAM,"[[-5.6507,37.4696],[-5.3163,37.5158]]",0,,1,"item, route 2",20
vic,8,vb98,vb97,OBVCLAM <> ASTIGIM,"[[-5.3163,37.5158],[-5.08,37.5409]]",0,,1,"item, route 2",15
vic,9,vb97,vb96,ASTIGIM <> AD ARAS,"[[-5.08,37.5409],[-4.9246,37.6786]]",0,,1,item,12
vic,10,vb96,vb95,AD ARAS <> CORDVBAM,"[[-4.9246,37.6786],[-4.7792,37.8847]]",0,,1,"item, route 2",23
vic,11,vb95,vb94,CORDVBAM <> AD X,"[[-4.7792,37.8847],[-4.6545,37.9417]]",0,,1,"item, route3",10
vic,12,vb94,vb93,AD X <> EPORAM,"[[-4.6545,37.9417],[-4.3819,38.026]]",0,,1,"item, route3",17
vic,13,vb93,vb92,EPORAM <> VCIESEM,"[[-4.3819,38.026],[-4.148,38.0613]]",0,,1,"item, route3",18
vic,14,vb92,vb91,VCIESEM <> AD NOVLAS,"[[-4.148,38.0613],[-3.9195,38.005]]",0,,1,"item, route3",13
vic,15,vb91,vb90,AD NOVLAS <> CASTVLONEM,"[[-3.9195,38.005],[-3.6236,38.0358]]",0,,1,item,19
vic,16,vb90,vb89,CASTVLONEM <> AD MORVM,"[[-3.6236,38.0358],[-3.3154,38.1847]]",0,,1,"item, route3",24
vic,17,vb89,vb88,AD MORVM <> II SOLARIA,"[[-3.3154,38.1847],[-3.1035,38.3422]]",0,,1,"item, route3",19
vic,18,vb88,vb87,II SOLARIA <> MARIANA,"[[-3.1035,38.3422],[-2.9275,38.5474]]",0,,1,"item, route3",20
vic,19,vb87,vb86,MARIANA <> MENTESAM,"[[-2.9275,38.5474],[-2.6948,38.6922]]",0,,1,"item, route3",20
vic,20,vb86,vb85,MENTESAM <> LIBISOSAM,"[[-2.6948,38.6922],[-2.3551,38.9416]]",0,,1,"item, route3",24
vic,21,vb85,vb84,LIBISOSAM <> PARIETINIS,"[[-2.3551,38.9416],[-2.0343,38.9249]]",0,,1,"item, route3",22
vic,22,vb84,vb83,PARIETINIS <> SALTIGIM,"[[-2.0343,38.9249],[-1.729,38.9189]]",0,,1,"item, route3",16
vic,23,vb83,vb82,SALTIGIM <> AD PALEM,"[[-1.729,38.9189],[-1.2307,38.746]]",0,,1,"item, route3",32
vic,24,vb82,vb81,AD PALEM <> AD ARAS,"[[-1.2307,38.746],[-0.9874,38.7087]]",0,,1,item,22
vic,25,vb81,vb80,AD ARAS <> SAETABIM,"[[-0.9874,38.7087],[-0.5156,38.9888]]",0,,1,"item, route3",28
vic,26,vb80,vb79,SAETABIM <> SVCRONEM,"[[-0.5156,38.9888],[-0.4356,39.1894]]",0,,1,"item, route3",16
vic,27,vb79,vb78,SVCRONEM <> VALENTIAM,"[[-0.4356,39.1894],[-0.3768,39.4702]]",0,,1,"item, route3",20
vic,28,vb78,vb77,VALENTIAM <> SAGYNTVM,"[[-0.3768,39.4702],[-0.2759,39.6762]]",0,,1,"item, route3",16
vic,29,vb77,vb76,SAGYNTVM <> AD NOVLAS,"[[-0.2759,39.6762],[-0.1201,39.9675]]",0,,1,"item, route3",24
vic,30,vb76,vb75,AD NOVLAS <> ILDVM,"[[-0.1201,39.9675],[0.0903,40.2629]]",0,,1,"item, route3",22
vic,31,vb75,vb74,ILDVM <> INTIBILIM,"[[0.0903,40.2629],[0.4231,40.4187]]",0,,1,"item, route3",24
vic,32,vb74,vb73,INTIBILIM <> DERTOSAM,"[[0.4231,40.4187],[0.5238,40.8151]]",0,,1,"item, route3",27
vic,33,vb73,vb72,DERTOSAM <> SVB SALTVM,"[[0.5238,40.8151],[0.8689,40.9661]]",0,,1,"item, route3",37
vic,34,vb72,vb71,SVB SALTVM <> TARRACONEM,"[[0.8689,40.9661],[1.2581,41.1192]]",0,,1,"item, route3",25
vic,35,vb71,vb70,TARRACONEM <> PALFVRIANAM,"[[1.2581,41.1192],[1.5149,41.204]]",0,,1,"item, route4",16
vic,36,vb70,vb69,PALFVRIANAM <> ANTISTIANAM,"[[1.5149,41.204],[1.6479,41.3106]]",0,,1,"item, route4",13
vic,37,vb69,vb68,ANTISTIANAM <> AD FINES,"[[1.6479,41.3106],[1.9277,41.4736]]",0,,1,"item, route4",17
vic,38,vb68,vb67,AD FINES <> ARRAGONEM,"[[1.9277,41.4736],[2.1229,41.5631]]",0,,1,"item, route4",20
vic,39,vb67,vb66,ARRAGONEM <> SEMPRONIANA,"[[2.1229,41.5631],[2.3309,41.5827]]",0,,1,"item, route4",9
vic,40,vb66,vb65,SEMPRONIANA <> SETERRAS,"[[2.3309,41.5827],[2.6355,41.7465]]",0,,1,"item, route4",24
vic,41,vb65,vb64,SETERRAS <> AQVIS VOCONTIS,"[[2.6355,41.7465],[2.8083,41.8382]]",0,,1,"item, route4",15
vic,42,vb64,vb63,AQVIS VOCONTIS <> GERVNDAM,"[[2.8083,41.8382],[2.8256,41.9873]]",0,,1,"item, route4",12
vic,43,vb63,vb62,GERVNDAM <> CILNIANAM,"[[2.8256,41.9873],[2.9048,42.0947]]",0,,1,"item, route4",12
vic,44,vb62,vb61,CILNIANAM <> IVNCARIAM,"[[2.9048,42.0947],[2.9667,42.2754]]",0,,1,"item, route4",15
vic,45,vb61,vb60,IVNCARIAM <> IN PYRAENEVM,"[[2.9667,42.2754],[2.869,42.4723]]",0,,1,"item, route4",16
vic,46,vb60,vb59,IN PYRAENEVM <> RVSCINONEM,"[[2.869,42.4723],[2.9452,42.7087]]",0,,1,"item, route4",25
vic,47,vb59,vb58,RVSCINONEM <> COMBVSTA,"[[2.9452,42.7087],[2.8718,42.7687]]",0,,1,"item, route4",6
vic,48,vb58,vb57,COMBVSTA <> NARBONEM,"[[2.8718,42.7687],[3.0036,43.1847]]",0,,1,"item, route4",32
vic,49,vb57,vb56,NARBONEM <> BAETERRAS,"[[3.0036,43.1847],[3.2178,43.3416]]",0,,1,"item, route5",16
vic,50,vb56,vb55,BAETERRAS <> CESSERONEM,"[[3.2178,43.3416],[3.4206,43.3951]]",0,,1,"item, route5",13
vic,51,vb55,vb54,CESSERONEM <> FORVM DOMITI,"[[3.4206,43.3951],[3.7024,43.5115]]",0,,1,"item, route5",18
vic,52,vb54,vb53,FORVM DOMITI <> SEXTANTIONEM,"[[3.7024,43.5115],[3.8967,43.6408]]",0,,1,"item, route5",15
vic,53,vb53,vb52,SEXTANTIONEM <> AMBRVSSVM,"[[3.8967,43.6408],[4.1495,43.7154]]",0,,1,"item, route5",15
vic,54,vb52,vb51,AMBRVSSVM <> NEMAVSVM,"[[4.1495,43.7154],[4.3596,43.8349]]",0,,1,"item, route5",15
vic,55,vb51,vb50,NEMAVSVM <> VGERNVM,"[[4.3596,43.8349],[4.6446,43.8099]]",0,,1,"item, route5",15
vic,56,vb50,vb49,VGERNVM <> ARELATA,"[[4.6446,43.8099],[4.6227,43.6759]]",0,,1,item,9
vic,57,vb49,vb48,ARELATA <> ERGNAGINVM,"[[4.6227,43.6759],[4.6981,43.7667]]",0,,1,"item, route5",6
vic,58,vb48,vb47,ERGNAGINVM <> CLANVM,"[[4.6981,43.7667],[4.8329,43.7735]]",0,,1,"item, route5",8
vic,59,vb47,vb46,CLANVM <> CABELLIONEM,"[[4.8329,43.7735],[5.0364,43.8363]]",0,,1,"item, route5",12
vic,60,vb46,vb45,CABELLIONEM <> APTAM IVLIAM,"[[5.0364,43.8363],[5.3972,43.8761]]",0,,1,"item, route5",12
vic,61,vb45,vb44,APTAM IVLIAM <> CATVIACIAM,"[[5.3972,43.8761],[5.5962,43.8576]]",0,,1,"item, route5",12
vic,62,vb44,vb43,CATVIACIAM <> ALAVNIVM,"[[5.5962,43.8576],[5.8672,43.9462]]",0,,1,"item, route5",16
vic,63,vb43,vb42,ALAVNIVM <> SEGVSTERONEM,"[[5.8672,43.9462],[5.9432,44.1947]]",0,,1,"item, route5",24
vic,64,vb42,vb41,SEGVSTERONEM <> ALABONTEM,"[[5.9432,44.1947],[5.944,44.386]]",0,,1,"item, route5",16
vic,65,vb41,vb40,ALABONTEM <> VAPPINCVM,"[[5.944,44.386],[6.0798,44.5596]]",0,,1,"item, route5",18
vic,66,vb40,vb39,VAPPINCVM <> CATVRIGOMAGVM,"[[6.0798,44.5596],[6.276,44.5444]]",0,,1,"item, route5",12
vic,67,vb39,vb38,CATVRIGOMAGVM <> EBVRODVNVM,"[[6.276,44.5444],[6.4951,44.5623]]",0,,1,"item, route5",18
vic,68,vb38,vb37,EBVRODVNVM <> RAMAM,"[[6.4951,44.5623],[6.5799,44.7505]]",0,,1,"item, route5",17
vic,69,vb37,vb36,RAMAM <> BRIGANTIVM,"[[6.5799,44.7505],[6.6342,44.8969]]",0,,1,"item, route5",18
vic,70,vb36,vb35,BRIGANTIVM <> DRVANTIVM,"[[6.6342,44.8969],[6.7234,44.931]]",0,,1,"item, route5",11
vic,71,vb35,vb34,DRVANTIVM <> SEGVSIONEM,"[[6.7234,44.931],[7.0454,45.1374]]",0,,1,item,24
vic,72,vb34,vb33,SEGVSIONEM <> OCELVM,"[[7.0454,45.1374],[7.3319,45.1188]]",0,,1,"item, route5",27
vic,73,vb33,vb32,OCELVM <> TAVRINIS,"[[7.3319,45.1188],[7.6854,45.0734]]",0,,1,"item, route5",20
vic,74,vb32,vb31,TAVRINIS <> QVADRATA,"[[7.6854,45.0734],[7.9694,45.1911]]",0,,1,"item,route6",20
vic,75,vb31,vb30,QVADRATA <> RIGOMAGVM,"[[7.9694,45.1911],[8.2974,45.1931]]",0,,1,"item,route6",16
vic,76,vb30,vb29,RIGOMAGVM <> CVTTIAS,"[[8.2974,45.1931],[8.6111,45.1921]]",0,,1,"item,route6",15
vic,77,vb29,vb28,CVTTIAS <> LAVMELLVM,"[[8.6111,45.1921],[8.7938,45.1227]]",0,,1,"item,route6",13
vic,78,vb28,vb27,LAVMELLVM <> TICINVM,"[[8.7938,45.1227],[9.1566,45.1859]]",0,,1,"item,route6",21
vic,79,vb27,vb26,TICINVM <> PLAMBRVM,"[[9.1566,45.1859],[9.5266,45.1574]]",0,,1,"item,route6",20
vic,80,vb26,vb25,PLAMBRVM <> PLACENTIAM,"[[9.5266,45.1574],[9.6966,45.0528]]",0,,1,"item,route6",16
vic,81,vb25,vb24,PLACENTIAM <> FLORENTIAM,"[[9.6966,45.0528],[9.911,44.9281]]",0,,1,"item,route6",15
vic,82,vb24,vb23,FLORENTIAM <> PARMAM,"[[9.911,44.9281],[10.328,44.8015]]",0,,1,"item,route6",25
vic,83,vb23,vb22,PARMAM <> LEPIDVM REGIVM,"[[10.328,44.8015],[10.6308,44.6977]]",0,,1,"item,route6",18
vic,84,vb22,vb21,LEPIDVM REGIVM <> MVTINAM,"[[10.6308,44.6977],[10.9252,44.6471]]",0,,1,"item,route6",17
vic,85,vb21,vb20,MVTINAM <> BONONIAM,"[[10.9252,44.6471],[11.3418,44.4946]]",0,,1,"item,route6",25
vic,86,vb20,vb19,BONONIAM <> CLATERNVM,"[[11.3418,44.4946],[11.4747,44.4421]]",0,,1,"item,route6",10
vic,87,vb19,vb18,CLATERNVM <> FORVM CORNELI,"[[11.4747,44.4421],[11.7111,44.3535]]",0,,1,"item,route6",13
vic,88,vb18,vb17,FORVM CORNELI <> FAVENTIAM,"[[11.7111,44.3535],[11.8845,44.2859]]",0,,1,"item,route6",10
vic,89,vb17,vb16,FAVENTIAM <> FORVM LIVI,"[[11.8845,44.2859],[12.0427,44.2212]]",0,,1,"item,route6",10
vic,90,vb16,vb15,FORVM LIVI <> CESENAM,"[[12.0427,44.2212],[12.2429,44.1391]]",0,,1,"item,route6",13
vic,91,vb15,vb14,CESENAM <> ARIMINVM,"[[12.2429,44.1391],[12.5703,44.0596]]",0,,1,"item,route6",20
vic,92,vb14,vb13,ARIMINVM <> PISAVRVM,"[[12.5703,44.0596],[12.9146,43.911]]",0,,1,"item,route6",24
vic,93,vb13,vb12,PISAVRVM <> FANVM FORTVNAE,"[[12.9146,43.911],[13.0181,43.8443]]",0,,1,"item,route6",8
vic,94,vb12,vb11,FANVM FORTVNAE <> FORVM SEMPRONI,"[[13.0181,43.8443],[12.8291,43.6974]]",0,,1,"item,route6",16
vic,95,vb11,vb10,FORVM SEMPRONI <> AD CALEM,"[[12.8291,43.6974],[12.6485,43.5468]]",0,,1,"item,route6",18
vic,96,vb10,vb9,AD CALEM <> HESIM,"[[12.6485,43.5468],[12.6693,43.4035]]",0,,1,"item,route6",13
vic,97,vb9,vb8,HESIM <> HELVILLVM,"[[12.6693,43.4035],[12.7621,43.2957]]",0,,1,"item,route6",10
vic,98,vb8,vb7,HELVILLVM <> NVCERIAM,"[[12.7621,43.2957],[12.7915,43.1135]]",0,,1,"item,route6",15
vic,99,vb7,vb6,NVCERIAM <> MEVANIAM,"[[12.7915,43.1135],[12.6094,42.9349]]",0,,1,"item,route6",19
vic,100,vb6,vb5,MEVANIAM <> AD MARTIS,"[[12.6094,42.9349],[12.5318,42.7509]]",0,,1,"item,route6",16
vic,101,vb5,vb4,AD MARTIS <> NARNIAM,"[[12.5318,42.7509],[12.5156,42.5176]]",0,,1,"item,route6",18
vic,102,vb4,vb3,NARNIAM <> OCRICLO,"[[12.5156,42.5176],[12.4663,42.4136]]",0,,1,"item,route6",12
vic,103,vb3,vb2,OCRICLO <> AD XX,"[[12.4663,42.4136],[12.4768,42.1484]]",0,,1,"item,route6",24
vic,104,vb2,vb1,AD XX <> ROMAM,"[[12.4768,42.1484],[12.4843,41.8926]]",0,,1,"item,route6",20