collection;place_id;toponym;gazetteer_uri;gazetteer_label;lng;lat;status;source;comment
courier;1;云南府;;YUNNANFU Yunnan (云南府);102.71035;25.04591;L;PA_1903;
courier;2;杨林;;YANGLIN Yunnan (杨林);103.06189;25.22011;L;PA_1903;
courier;3;寻甸;;XUNDIAN GUCHENG Yunnan (寻甸);103.25372;25.5622;B;PA_1903;
courier;4;马龙;;MALONG Yunnan (马龙);103.58021;25.42843;B;PA_1903;
courier;5;南宁县;;NANNING XIAN Yunnan (南宁县);103.79678;25.49584;L;PA_1903;
courier;6;沾益;;ZHANYI Yunnan (沾益);103.82211;25.60993;B;PA_1903;
courier;7;兰泉驿;;LANQUANYI Gansu (兰泉驿);103.84714;36.04703;Y;MDYZK;
courier;8;锦官驿;;JINGUANYI Sichuan (锦官驿);104.078;30.65038;N;MDYZK;
courier;9;清水驿;;QINGSHUI Gansu (清水驿);104.10787;35.84682;Y;MDYZK;
courier;10;新都驿;;XINDU Sichuan (新都驿);104.16055;30.83139;Y;MDYZK;
courier;12;延寿驿;;YANSHOUYI Gansu (延寿驿);104.62031;35.57509;N;MDYZK;
courier;13;普安;;PU'AN Guizhou (普安);104.64989;25.79314;Y;MDYZK;
courier;14;金山驿;;JINSHANYI Sichuan (金山驿);104.7493;31.45901;Y;MDYZK;
courier;15;新兴驿;;XINXING Guizhou (新兴驿);104.95208;25.78841;Y;MDYZK;
courier;16;保宁驿;;BAONINGYI Gansu (保宁驿);105.05614;35.6942;N;MDYZK;
courier;17;尾酒驿;;WEIJIUYI Guizhou (尾酒驿);105.21588;25.83347;L;MDYZK;
courier;18;查城;;CHACHENG Guizhou (查城);105.48582;25.91021;Y;MDYZK;
courier;19;泾阳驿;;JINGYANG Gansu (泾阳驿);105.72882;35.5241;Y;MDYZK;
courier;20;安庄驿;;ANZHUANG Guizhou (安庄驿);105.76356;26.0546;Y;MDYZK;
courier;21;问津驿;;WENJINYI Sichuan (问津驿);105.83299;32.44389;Y;MDYZK;
courier;22;普利驿;;PULIYI Guizhou (普利驿);105.92786;26.24324;N;MDYZK;
courier;23;隆城驿;;LONGCHENG Ningxia (隆城驿);106.12224;35.61709;Y;MDYZK;
courier;24;平坝驿;;PINGBA Guizhou (平坝驿);106.26086;26.41779;Y;MDYZK;
courier;25;威清驿;;WEIQING Guizhou (威清驿);106.46762;26.55605;Y;MDYZK;
courier;26;凤县;;FENGXIANG Shaanxi (凤县);106.62294;33.94525;N;MDYZK;
courier;27;瓦亭驿;;WATING Ningxia (瓦亭驿);106.31997;35.69139;Y;MDYZK;
courier;28;高平驿;;GAOPING Gansu (高平驿);106.68566;35.53585;Y;MDYZK;
courier;29;贵州驿;;HUANGHUA Guizhou (贵州驿);106.70911;26.58078;N;MDYZK;
courier;30;勉县;;MIANXIAN Shaanxi (勉县);106.7748;33.1379;L;PA_1903;
courier;31;褒城;;BAOCHENG Shaanxi (褒城);106.96926;33.20039;Y;MDYZK;
courier;32;龙里驿;;LONGLI Guizhou (龙里驿);106.98106;26.45834;Y;MDYZK;
courier;33;陈仓驿;;CHENCANG Shaanxi (陈仓驿);107.14039;34.38187;Y;MDYZK;
courier;34;白水驿;;BAISHUI Gansu (白水驿);106.97579;35.42942;Y;MDYZK;
courier;35;新添驿;;XINTIAN Guizhou (新添驿);107.23962;26.58565;Y;MDYZK;
courier;36;瓦云驿;;WAYUN Gansu (瓦云驿);107.36339;35.32881;Y;MDYZK;
courier;37;岐周驿;;QIZHOU Shaanxi (岐周驿);107.62709;34.43964;Y;MDYZK;
courier;38;清平驿;;QINGPING Guizhou (清平驿);107.78898;26.65832;Y;MDYZK;
courier;39;宜禄驿;;YILUYI Shaanxi (宜禄驿);107.78932;35.20544;N;MDYZK;
courier;40;凤泉驿;;FENGQUAN Shaanxi (凤泉驿);107.86849;34.36182;Y;MDYZK;
courier;42;永安驿;;YONG'AN Shaanxi (永安驿);108.04397;34.81275;Y;MDYZK;
courier;43;新平驿;;XINPING Shaanxi (新平驿);108.07799;35.03966;Y;MDYZK;
courier;44;邰城驿;;TAICHENGYI Shaanxi (邰城驿);108.1051;34.33205;N;MDYZK;
courier;45;偏桥驿;;PIANQIAO Guizhou (偏桥驿);108.11893;27.03727;Y;MDYZK;
courier;46;威胜驿;;WEISHENG Shaanxi (威胜驿);108.2356;34.5303;Y;MDYZK;
courier;47;镇远驿;;ZHENYUAN Guizhou (镇远驿);108.41845;27.05426;Y;MDYZK;
courier;48;白渠驿;;BAIQU Shaanxi (白渠驿);108.4826;34.29872;Y;MDYZK;
courier;49;店张;;DIANZHANG Shaanxi (店张);108.5271;34.42854;L;PA_1903;
courier;50;清浪卫;;QINGLANG Guizhou (清浪卫);108.73038;27.12668;Y;MDYZK;
courier;51;平溪驿;;PINGXI Guizhou (平溪驿);108.91154;27.23593;Y;MDYZK;
courier;52;京兆驿;;JINGZHAO Shaanxi (京兆驿);108.94421;34.26661;Y;MDYZK;
courier;53;晃州驿;;HUANGZHOU Hunan (晃州驿);109.19851;27.3817;Y;MDYZK;
courier;54;新丰驿;;XINFENG Shaanxi (新丰驿);109.2383;34.43141;Y;MDYZK;
courier;55;丰原驿;;FENGYUAN Shaanxi (丰原驿);109.50124;34.503;Y;MDYZK;
courier;56;华山驿;;HUASHAN Shaanxi (华山驿);110.0784;34.53443;Y;MDYZK;
courier;57;潼津驿;;TONGJIN Shaanxi (潼津驿);110.08936;34.56831;Y;MDYZK;
courier;58;船溪驿;;CHUANXIYI Hunan (船溪驿);110.15422;28.28003;Y;MDYZK;
courier;59;辰阳水驿;;CHENYANGSHUIYI Hunan (辰阳水驿);110.18265;28.01848;Y;MDYZK;
courier;60;潼关驿;;TONGGUAN Shaanxi (潼关驿);110.27365;34.59881;Y;MDYZK;
courier;61;东江驿;;DONGJIANG Guangxi (东江驿);110.28626;25.28006;Y;MDYZK;
courier;62;大龙驿;;DALONG Guangxi (大龙驿);110.38369;25.4632;Y;MDYZK;
courier;63;怡容驿;;YIRONGYI Hunan (怡容驿);110.39697;28.45819;Y;MDYZK;
courier;64;樊桥驿;;FANQIAOYI Shanxi (樊桥驿);110.596;35.056;Y;MDYZK;
courier;65;白云驿;;BAIYUNYI Guangxi (白云驿);110.66587;25.61313;N;MDYZK;
courier;66;泓芝驿;;HONGZHI Shanxi (泓芝驿);110.95201;35.06637;Y;MDYZK;
courier;67;城南驿;;CHENGNAN Guangxi (城南驿);111.065;25.93181;Y;MDYZK;
courier;68;涑川驿;;SUCHUANYI Shanxi (涑川驿);111.21721;35.35772;N;MDYZK;
courier;69;蒙城驿;;MENGCHENGYI Shanxi (蒙城驿);111.44948;35.7921;Y;MDYZK;
courier;70;桃源驿;;TAOYUAN Hunan (桃源驿);111.47777;28.9016;Y;MDYZK;
courier;71;建雄驿;;JIANXIONG Shanxi (建雄驿);111.51543;36.07804;Y;MDYZK;
courier;72;零陵;;LINGLING Hunan (零陵);111.61256;26.21034;N;PA_1903;
courier;73;普涧驿;;PUJIANYI Shanxi (普涧驿);111.68291;36.2594;N;MDYZK;
courier;74;大龙驿;;DALONG Hunan (大龙驿);111.6913;29.03481;Y;MDYZK;
courier;75;霍山驿;;HUOSHAN Shanxi (霍山驿);111.72808;36.56382;Y;MDYZK;
courier;76;兰江驿;;LANJIANGYI Hunan (兰江驿);111.75699;29.64015;Y;MDYZK;
courier;77;瑞石驿;;RUISHI Shanxi (瑞石驿);111.77621;36.84215;Y;MDYZK;
courier;78;义棠驿;;YITANG Shanxi (义棠驿);111.91216;37.02647;Y;MDYZK;
courier;79;三吾驿;;SANWUYI Hunan (三吾驿);111.8559;26.59169;N;MDYZK;
courier;80;孱陵驿;;CHANLING Hubei (孱陵驿);112.0781;29.9145;Y;MDYZK;
courier;81;汉江驿;;HANJIANGYI Hubei (汉江驿);112.15586;32.02028;N;MDYZK;
courier;82;荆南驿;;JINGNAN Hubei (荆南驿);112.19077;30.35044;Y;MDYZK;
courier;83;荆山驿;;JINGSHANYI Hubei (荆山驿);112.19842;31.02873;Y;MDYZK;
courier;84;洪善驿;;HONGSHANYI Shanxi (洪善驿);112.2168;37.28425;Y;MDYZK;
courier;85;鄢城驿;;YANCHENG Hubei (鄢城驿);112.26013;31.7107;Y;MDYZK;
courier;86;祁县;;QIXIAN Shanxi (祁县);112.3153;37.35382;Y;MDYZK;
courier;87;湍阳驿;;TUANYANG Henan (湍阳驿);112.35843;32.52487;Y;MDYZK;
courier;88;徐沟;;XUGOU Shanxi (徐沟);112.509;37.55718;Y;MDYZK;
courier;89;临汾驿;;LINFENYI Shanxi (临汾驿);112.47893;37.72759;Y;MDYZK;
courier;90;临丞驿;;LINCHENGYI Hunan (临丞驿);112.59704;26.90162;N;MDYZK;
courier;91;鸣谦驿;;MINGQIAN Shanxi (鸣谦驿);112.6978;37.76786;Y;MDYZK;
courier;92;博望驿;;BOWANG Henan (博望驿);112.7118;33.16429;Y;MDYZK;
courier;93;原平驿;;YUANPING Shanxi (原平驿);112.7121;38.7266;Y;MDYZK;
courier;94;黄堡驿;;HUANGBAO Hunan (黄堡驿);112.85242;27.24565;Y;MDYZK;
courier;95;笙竹驿;;SHENGZHUYI Hunan (笙竹驿);112.88029;28.67621;N;MDYZK;
courier;96;西南驿;;XI'NAN Guangdong (西南驿);112.88607;23.16587;Y;MDYZK;
courier;97;湘潭驿;;XIANGTANYI Hunan (湘潭驿);112.91126;27.8727;Y;MDYZK;
courier;98;雁门驿;;YANMEN Shanxi (雁门驿);112.94904;39.06039;Y;MDYZK;
courier;99;临湘驿;;LINXIANGYI Hunan (临湘驿);112.97813;28.1982;N;MDYZK;
courier;100;赭阳驿;;ZHEYANG Henan (赭阳驿);112.99251;33.26008;Y;MDYZK;
courier;101;安远驿;;ANYUAN Guangdong (安远驿);113.02213;23.72073;Y;MDYZK;
courier;102;岳阳驿;;YUEYANG Hunan (岳阳驿);113.09766;29.37126;Y;MDYZK;
courier;103;太安驿;;TAI'AN Shanxi (太安驿);113.16871;37.88678;Y;MDYZK;
courier;104;五羊驿;;WUYANG Guangdong (五羊驿);113.25607;23.13462;Y;MDYZK;
courier;105;繁峙;;FANZHI Shanxi (繁峙);113.272;39.19;Y;MDYZK;
courier;106;临湘;;LINXIANG Hunan (临湘);113.29287;29.58814;Y;MDYZK;
courier;107;滍水驿;;ZHISHUI Henan (滍水驿);113.34553;33.6233;Y;MDYZK;
courier;108;广武驿;;GUANGWU Henan (广武驿);113.52824;34.98441;Y;MDYZK;
courier;109;英德;;YINGDE Guangdong (英德);113.40208;24.17294;Y;MDYZK;
courier;110;芹泉驿;;QINQUANYI Shanxi (芹泉驿);113.2743;37.8696;Y;MDYZK;
courier;111;清颖驿;;QINGYING Henan (清颖驿);113.46706;34.16249;Y;MDYZK;
courier;112;新城驿;;XINCHENG Henan (新城驿);113.47237;33.85369;Y;MDYZK;
courier;113;芙蓉驿;;FURONG Guangdong (芙蓉驿);113.60342;24.81021;Y;MDYZK;
courier;114;平潭驿;;PINGTANYI Shanxi (平潭驿);113.62227;37.80204;N;MDYZK;
courier;115;管城驿;;GUANCHENGYI Henan (管城驿);113.64131;34.75808;N;MDYZK;
courier;116;德安府;;DE'ANFU Hubei (德安府);113.6869;31.25261;N;MDYZK;
courier;117;柏井驿;;BAIJING Shanxi (柏井驿);113.805;37.81944;Y;MDYZK;
courier;118;郭店驿;;GUODIAN Henan (郭店驿);113.71909;34.39732;Y;MDYZK;
courier;119;云梦;;YUNMENG Hubei (云梦);113.7333;31.02003;Y;MDYZK;
courier;120;新中驿;;XINZHONG Henan (新中驿);113.86825;35.30994;Y;MDYZK;
courier;121;凤山驿;;FENGSHANYI Hubei (凤山驿);113.87461;29.70835;N;MDYZK;
courier;122;王家庄驿;;WANGJIAZHUANG Shanxi (王家庄驿);113.91641;39.43094;Y;MDYZK;
courier;123;临颖驿;;LINYING Henan (临颖驿);113.96064;33.80861;Y;MDYZK;
courier;124;郾城驿;;YANCHENG Henan (郾城驿);113.9657;33.58221;Y;MDYZK;
courier;125;西平驿;;XIPING Henan (西平驿);114.01553;33.38906;Y;MDYZK;
courier;126;陉山驿;;XINGSHAN Hebei (陉山驿);114.01778;38.00616;Y;MDYZK;
courier;127;卫源驿;;WEIYUANYI Henan (卫源驿);114.07027;35.41039;N;MDYZK;
courier;128;淇门驿;;QIMEN Henan (淇门驿);114.19437;35.60645;Y;MDYZK;
courier;129;廪廷驿;;LITINGYI Henan (廪廷驿);114.19469;35.14276;N;MDYZK;
courier;130;太白驿;;TAIBAI Shanxi (太白驿);114.22922;39.43774;Y;MDYZK;
courier;131;汉阳府;;HANYANGFU Hubei (汉阳府);114.26192;30.54437;Y;MDYZK;
courier;132;咸宁驿;;XIANNING Hubei (咸宁驿);114.27162;29.89248;Y;MDYZK;
courier;133;凌江驿;;LINGJIANG Guangdong (凌江驿);114.30209;25.11884;Y;MDYZK;
courier;134;镇宁驿;;ZHENNING Hebei (镇宁驿);114.30772;38.08311;Y;MDYZK;
courier;135;武昌府;;WUCHANGFU Hubei (武昌府);114.31919;30.54139;N;MDYZK;
courier;136;大梁驿;;DALIANGYI Henan (大梁驿);114.34333;34.78548;N;MDYZK;
courier;137;邺城驿;;YECHENG Henan (邺城驿);114.3455;36.09834;Y;MDYZK;
courier;138;横浦驿;;HENGPUYI Jiangxi (横浦驿);114.35057;25.39995;N;MDYZK;
courier;139;宜沟;;YIGOU Henan (宜沟);114.35269;35.92552;Y;MDYZK;
courier;140;磁州;;CIZHOU Hebei (磁州);114.37424;36.35904;P;PA_1903;
courier;141;从台驿;;CONGTAI Hebei (从台驿);114.47204;36.59348;Y;MDYZK;
courier;142;龙冈驿;;LONGGANG Hebei (龙冈驿);114.49426;37.06636;Y;MDYZK;
courier;143;中丘驿;;ZHONGQIUYI Hebei (中丘驿);114.51186;37.295;N;MDYZK;
courier;144;恒山驿;;HENGSHANYI Hebei (恒山驿);114.56364;38.14011;L;MDYZK;
courier;145;关城驿;;GUANCHENG Hebei (关城驿);114.65269;37.88578;N;MDYZK;
courier;146;槐水驿;;HUAISHUI Hebei (槐水驿);114.68058;37.49469;Y;MDYZK;
courier;147;广昌;;GUANGCHANG Hebei (广昌);114.68877;39.35402;N;PA_1903;
courier;148;南埜驿;;NANYE Jiangxi (南埜驿);114.74516;25.65857;Y;MDYZK;
courier;149;鄗城驿;;ZHAOZHOU Hebei (鄗城驿);114.77218;37.75293;N;MDYZK;
courier;150;五云驿;;WUYUN Jiangxi (五云驿);114.77968;26.46177;Y;MDYZK;
courier;151;西乐驿;;XILE Hebei (西乐驿);114.78761;38.39504;N;MDYZK;
courier;152;伏城驿;;FUCHENG Hebei (伏城驿);114.83418;38.03671;Y;MDYZK;
courier;153;白下驿;;BAIXIAYI Jiangxi (白下驿);114.89487;26.7921;N;MDYZK;
courier;154;水西驿;;SHUIXIYI Jiangxi (水西驿);114.93248;25.847;Y;MDYZK;
courier;155;螺川驿;;LUOCHUAN Jiangxi (螺川驿);114.97128;27.10324;Y;MDYZK;
courier;156;永定驿;;YONGDING Hebei (永定驿);114.97504;38.52006;Y;MDYZK;
courier;157;吉水;;JISHUIYI Jiangxi (吉水);115.13225;27.21437;Y;MDYZK;
courier;158;翟城驿;;DICHENG Hebei (翟城驿);115.13342;38.70527;Y;MDYZK;
courier;159;玉峡驿;;YUXIA Jiangxi (玉峡驿);115.14728;27.55369;Y;MDYZK;
courier;160;金川驿;;JINCHUAN Jiangxi (金川驿);115.3834;27.75988;Y;MDYZK;
courier;161;萧滩驿;;XIAOTAN Jiangxi (萧滩驿);115.39899;28.01557;Y;MDYZK;
courier;162;金台驿;;JINTAIYI Hebei (金台驿);115.50209;38.8557;N;MDYZK;
courier;163;白沟驿;;BAIGOU Hebei (白沟驿);115.65739;39.01944;Y;MDYZK;
courier;164;涞水;;LAISHUI Hebei (涞水);115.7032;39.38615;B;PA_1903;
courier;165;德安;;DE'AN Jiangxi (德安);115.74503;29.33056;Y;MDYZK;
courier;166;建昌;;JIANCHANG Jiangxi (建昌);115.76182;29.08783;N;MDYZK;
courier;167;宣化驿;;XUANHUAYI Hebei (宣化驿);115.77419;39.26959;N;MDYZK;
courier;168;南浦驿;;NANPU Jiangxi (南浦驿);115.89772;28.6749;Y;MDYZK;
courier;169;亭前驿;;TINGQIAN Hubei (亭前驿);115.93494;30.0792;Y;MDYZK;
courier;170;逐鹿驿;;ZHULUYI Hebei (逐鹿驿);115.96815;39.48722;N;MDYZK;
courier;171;浔阳驿;;XUNYANG Jiangxi (浔阳驿);115.98568;29.72236;Y;MDYZK;
courier;172;汾水驿;;FENSHUI Hebei (汾水驿);115.98756;39.24595;N;MDYZK;
courier;173;瀛海驿;;YINGHAIYI Hebei (瀛海驿);116.08553;38.4357;N;MDYZK;
courier;174;郑城驿;;ZHENGCHEN Hebei (郑城驿);116.09048;38.70767;Y;MDYZK;
courier;175;归义驿;;GUIYI Hebei (归义驿);116.0927;38.97588;N;MDYZK;
courier;176;枫香驿;;FENGXIANGYI Anhui (枫香驿);116.21667;30.36667;Y;MDYZK;
courier;177;乐城驿;;LECHENG Hebei (乐城驿);116.1149;38.1907;Y;MDYZK;
courier;178;固节驿;;LANGXIANG Beijing (固节驿);116.13558;39.74125;Y;MDYZK;
courier;179;阜城驿;;FUCHENG Hebei (阜城驿);116.14471;37.86818;Y;MDYZK;
courier;180;鱼丘驿;;YUQIU Shandong (鱼丘驿);116.231;36.86162;Y;MDYZK;
courier;181;茌山驿;;CHISHAN Shandong (茌山驿);116.25023;36.58662;Y;MDYZK;
courier;182;东光驿;;DONGGUANG Hebei (东光驿);116.2581;37.68801;Y;MDYZK;
courier;183;太湖;;TAIHU Anhui (太湖);116.26508;30.42006;Y;MDYZK;
courier;184;太平驿;;TAIPING Shandong (太平驿);116.27579;37.15112;Y;MDYZK;
courier;185;富庄驿;;FUZHUANG Hebei (富庄驿);116.28512;38.01704;Y;MDYZK;
courier;186;安德;;ANDE Shandong (安德);116.28741;37.45164;Y;MDYZK;
courier;187;东原驿;;DONGYUAN Shandong (东原驿);116.29917;35.91034;Y;MDYZK;
courier;188;会同馆;;HUITONGGUAN Beijing (会同馆);116.368;39.93143;N;MDYZK;
courier;189;桃源驿;;TAOYUAN Shandong (桃源驿);116.42907;37.15773;Y;MDYZK;
courier;190;新桥驿;;XINQIAO Shandong (新桥驿);116.48556;35.72985;Y;MDYZK;
courier;191;青口驿;;QINGKOU Anhui (青口驿);116.5672;30.63035;Y;MDYZK;
courier;192;刘普驿;;LIUPU Shandong (刘普驿);116.65239;36.94536;Y;MDYZK;
courier;193;潞河驿;;LUHE Beijing (潞河驿);116.65881;39.90592;Y;MDYZK;
courier;194;东北置驿;;DONGBEIZHIYI Shandong (东北置驿);116.72324;36.55283;Y;MDYZK;
courier;195;宴城驿;;YANCHENG Shandong (宴城驿);116.78063;36.70108;Y;MDYZK;
courier;196;昌平驿;;CHANGPINGYI Shandong (昌平驿);116.8237;35.5567;Y;MDYZK;
courier;197;舒城驿;;SHUCHENG Anhui (舒城驿);116.93854;31.45645;Y;MDYZK;
courier;198;吕亭驿;;LVTING Anhui (吕亭驿);116.93861;31.05228;Y;MDYZK;
courier;199;邾城驿;;ZHU Shandong (邾城驿);116.96844;35.40382;Y;MDYZK;
courier;200;睢阳驿;;SUIYANGYI Anhui (睢阳驿);116.9714;33.64237;N;MDYZK;
courier;201;谭城驿;;TANGCHENGYI Shandong (谭城驿);117.00149;36.65013;N;MDYZK;
courier;202;三河驿;;SANHE Hebei (三河驿);117.07612;39.98279;Y;MDYZK;
courier;203;滕阳驿;;TENGYANG Shandong (滕阳驿);117.15816;35.08609;Y;MDYZK;
courier;204;利国监驿;;LIGUOJIAN Jiangsu (利国监驿);117.18768;34.26963;N;MDYZK;
courier;205;金斗驿;;JINDOUYI Anhui (金斗驿);117.27646;31.86446;Y;MDYZK;
courier;206;渔阳驿;;YUYANG Tianjin (渔阳驿);117.40182;40.04387;Y;MDYZK;
courier;207;王庄驿;;WANGZHUAN Anhui (王庄驿);117.4586;33.09573;Y;MDYZK;
courier;208;固镇驿;;GUZHENYI Anhui (固镇驿);117.31171;33.31458;Y;MDYZK;
courier;209;红心驿;;HONGXIN Anhui (红心驿);117.64;32.9;Y;MDYZK;
courier;210;定远;;DINGYUAN Anhui (定远);117.67569;32.53025;Y;MDYZK;
courier;211;阳樊驿;;YANGFAN Hebei (阳樊驿);117.75478;39.88367;Y;MDYZK;
courier;212;池河驿;;CHIHE Anhui (池河驿);117.9405;32.51547;Y;MDYZK;
courier;213;建溪驿;;JIANXI Fujian (建溪驿);118.10537;27.33988;Y;MDYZK;
courier;214;义丰驿;;YIFENG Hebei (义丰驿);118.1349;39.8276;Y;MDYZK;
courier;215;剑浦驿;;JIANPUYI Fujian (剑浦驿);118.16918;26.64217;Y;MDYZK;
courier;217;大柳树驿;;DALIUSHU Anhui (大柳树驿);118.30416;32.31699;N;MDYZK;
courier;218;城西驿;;CHENGXIYI Fujian (城西驿);118.32378;27.03886;N;MDYZK;
courier;220;江东驿;;JIANGDONGYI Jiangsu (江东驿);118.6176;32.06487;L;MDYZK;
courier;222;黄田驿;;HUANGTIAN Fujian (黄田驿);118.6751;26.42891;Y;MDYZK;
courier;223;七家岭驿;;QIJIALINGYI Hebei (七家岭驿);118.46919;39.8664;Y;MDYZK;
courier;224;江宁驿;;JIANGNINGYI Jiangsu (江宁驿);118.76899;32.05256;N;MDYZK;
courier;225;滦河驿;;LUANHE Hebei (滦河驿);118.862;39.877;Y;MDYZK;
courier;226;上航驿;;SHANGHANG Zhejiang (上航驿);118.86765;28.95682;Y;MDYZK;
courier;228;白沙驿;;BAISHA Fujian (白沙驿);119.0703;26.21404;Y;MDYZK;
courier;230;亭步驿;;TINGBU Zhejiang (亭步驿);119.17238;29.03479;Y;MDYZK;
courier;231;芦峰口驿;;LUFENGKOU Hebei (芦峰口驿);119.23016;39.88467;N;MDYZK;
courier;233;三山驿;;SANSHAN Fujian (三山驿);119.32158;26.07395;Y;MDYZK;
courier;234;扬州府;;YANGZHOU Jiangsu (扬州府);119.43719;32.39127;Y;MDYZK;
courier;236;京口驿;;JINGKOU Jiangsu (京口驿);119.44429;32.20649;Y;MDYZK;
courier;237;濲水驿;;GUSHUI Zhejiang (濲水驿);119.47885;29.20445;Y;MDYZK;
courier;238;富春驿;;FUCHUN Zhejiang (富春驿);119.49886;29.54448;Y;MDYZK;
courier;239;云阳驿;;YUNYANG Jiangsu (云阳驿);119.56985;31.9958;Y;MDYZK;
courier;240;桐江驿;;TONGJIANG Zhejiang (桐江驿);119.66494;29.80246;Y;MDYZK;
courier;241;会江驿;;HUIJIANG Zhejiang (会江驿);119.94775;30.05343;Y;MDYZK;
courier;242;毗陵驿;;PILING Jiangsu (毗陵驿);119.9523;31.78278;Y;MDYZK;
courier;243;吴山驿;;WUSHAN Zhejiang (吴山驿);119.9829;30.31535;Y;MDYZK;
courier;244;武林驿;;WULIN Zhejiang (武林驿);120.16862;30.29412;Y;MDYZK;
courier;245;锡山驿;;XISHAN Jiangsu (锡山驿);120.29767;31.57461;Y;MDYZK;
courier;246;皂林驿;;ZAOLIN Zhejiang (皂林驿);120.41874;30.53045;N;MDYZK;
courier;247;姑苏驿;;GUSUYI Jiangsu (姑苏驿);120.61862;31.31271;Y;MDYZK;
courier;248;平望驿;;PINGWANG Jiangsu (平望驿);120.6766;30.98778;Y;MDYZK;
courier;249;西水驿;;XISHUI Zhejiang (西水驿);120.7532;30.76747;Y;MDYZK;
courier;250;在城驿;;ZAICHENGYI Liaoning (在城驿);123.41988;41.78825;Y;MDYZK;
courier;251;白水司;;BAISHUISI Yunnan (白水司);104.01198;25.65715;L;PA_1903;
courier;252;河口;;HEKOU Yunnan (河口);103.95923;22.51872;B;PA_1903;
courier;253;蒙自;;MENGZI Yunnan (蒙自);103.39257;23.36995;B;PA_1903;
courier;254;马塘;;MATANG Yunnan (马塘);104.06075;23.49957;L;PA_1903;
courier;255;开化;;KAIHUA Yunnan (开化);104.23555;23.37613;L;PA_1903;
courier;256;马白关;;MABAIGUAN Yunnan (马白关);104.39596;23.02148;L;PA_1903;
courier;257;阿迷州;;AMI ZHOU Yunnan (阿迷州);103.23381;23.71491;L;PA_1903;
courier;258;竹园;;ZHUYUAN Yunnan (竹园);103.41074;24.11117;L;PA_1903;
courier;259;弥勒;;MILE Yunnan (弥勒);103.4332;24.40936;B;PA_1903;
courier;260;赵卡;;ZHAOKUA Yunnan (赵卡);103.68333;24.83333;N;PA_1903;
courier;261;陆良;;LULIANG Yunnan (陆良);103.66253;25.03227;B;PA_1903;
courier;262;婆兮;;POXI Yunnan (婆兮);103.09805;24.22305;N;PA_1903;
courier;263;禄丰;;LUFENG Yunnan (禄丰);103.11528;24.5725;L;PA_1903;
courier;264;宜良;;YILIANG Yunnan (宜良);103.14197;24.91107;B;PA_1903;
courier;265;东川;;DONGCHUAN Yunnan (东川);103.29464;26.42056;L;PA_1903;
courier;266;宣威;;XUANWEI Yunnan (宣威);104.10641;26.21884;B;PA_1903;
courier;267;昆阳;;KUNYANG Yunnan (昆阳);102.59974;24.67329;L;PA_1903;
courier;268;新兴;;XINXING Yunnan (新兴);102.53732;24.35551;L;PA_1903;
courier;269;河西;;HEXI Yunnan (河西);102.63928;24.14174;L;PA_1903;
courier;270;通海;;TONGHAI Yunnan (通海);102.75561;24.10607;B;PA_1903;
courier;271;石屏;;SHIPING Yunnan (石屏);102.48826;23.71902;B;PA_1903;
courier;272;元江;;YUANJIANG Yunnan (元江);102.00642;23.60401;B;PA_1903;
courier;273;他郎;;TALANG Yunnan (他郎);101.694;23.43914;L;PA_1903;
courier;274;宁洱;;NING'ER Yunnan (宁洱);101.03599;23.0706;L;PA_1903;
courier;275;临安;;LIN'ANFU Yunnan (临安);102.82231;23.62455;L;PA_1903;
courier;276;磨黑;;MOHEI Yunnan (磨黑);101.16931;23.1616;L;PA_1903;
courier;277;石膏;;SHIGAO Yunnan (石膏);101.08334;23;L;PA_1903;
courier;278;普洱;;PU'ER Yunnan (普洱);100.98333;22.8;L;PA_1903;
courier;279;安宁;;ANNING Yunnan (安宁);102.47412;24.91844;B;PA_1903;
courier;280;禄丰;;LUFENG Yunnan (禄丰);102.0801;25.1474;B;PA_1903;
courier;281;禄丰;;LUFENG Yunnan (禄丰);101.75339;25.17142;L;PA_1903;
courier;282;楚雄;;CHUXIONG Yunnan (楚雄);101.54286;25.03307;B;PA_1903;
courier;283;镇南驿;;ZHENNAN Yunnan (镇南驿);101.27696;25.19655;Y;MDYZK;
courier;284;镇南驿;;YUNNANYI Yunnan (镇南驿);100.55898;25.47909;Y;MDYZK;
courier;285;赵州;;ZHAOZHOU Yunnan (赵州);100.3129;25.58517;Y;MDYZK;
courier;286;太和驿;;TAIHEYI Yunnan (太和驿);100.16444;25.69783;Y;MDYZK;
courier;287;邓川;;DENGCHUAN Yunnan (邓川);100.10021;25.9943;Y;MDYZK;
courier;288;鹤庆;;HEQING Yunnan (鹤庆);100.17928;26.55942;B;PA_1903;
courier;289;丽江;;LIJIANG Yunnan (丽江);100.23599;26.87463;B;PA_1903;
courier;290;下关;;XIAGUAN Yunnan (下关);100.22629;25.59047;Y;MDYZK;
courier;291;永平;;YONGPING Yunnan (永平);99.51934;25.46317;Y;MDYZK;
courier;292;永昌;;YONGCHANG Yunnan (永昌);99.16686;25.11244;Y;MDYZK;
courier;293;腾越;;TENGYUE Yunnan (腾越);98.49498;25.02435;Y;MDYZK;
courier;294;龙陵;;LONGLING Yunnan (龙陵);98.69038;24.59019;Y;MDYZK;
courier;295;蒙化;;MENGHUA Yunnan (蒙化);100.30888;25.23003;Y;MDYZK;
courier;296;广南;;GUANGNAN Yunnan (广南);105.062;24.05282;B;PA_1903;
courier;297;博赛驿;;BOSAI Guangxi (博赛驿);106.61168;23.90454;N;MDYZK;
courier;298;那波;;NABOYI Guangxi (那波);106.81834;23.73056;N;PA_1903;
courier;299;田州;;TIANZHOU Guangxi (田州);106.90867;23.73387;Y;MDYZK;
courier;300;平马驿;;PINGMA Guangxi (平马驿);107.11416;23.60563;Y;MDYZK;
courier;301;果花州;;GUOHUA Guangxi (果花州);107.41062;23.41773;Y;MDYZK;
courier;302;隆安;;LONG'AN Guangxi (隆安);107.68495;23.17817;B;PA_1903;
courier;303;南宁府;;NANNING Guangxi (南宁府);108.31207;22.80615;Y;MDYZK;
courier;304;永淐;;YONGCHANG Guangxi (永淐);108.91421;22.80464;N;PA_1903;
courier;305;南乡;;NANXIANG Guangxi (南乡);109.13333;22.6;N;PA_1903;
courier;306;横州;;HENGZHOU Guangxi (横州);109.26704;22.69296;Y;MDYZK;
courier;307;贵县;;GUIXIAN Guangxi (贵县);109.60844;23.09909;Y;MDYZK;
courier;308;浔州;;XUNZHOU Guangxi (浔州);110.07166;23.39457;Y;MDYZK;
courier;309;武宣;;WUXUAN Guangxi (武宣);109.65503;23.59674;Y;MDYZK;
courier;310;象州;;XIANGZHOU Guangxi (象州);109.68246;23.95806;Y;MDYZK;
courier;311;柳州;;LIUZHOU Guangxi (柳州);109.4044;24.30999;Y;MDYZK;
courier;312;柳城;;LIUCHENG Guangxi (柳城);109.26012;24.52734;Y;MDYZK;
courier;313;融县;;RONGXIAN Guangxi (融县);109.24854;25.06544;Y;MDYZK;
courier;314;怀远;;HUAIYUAN Guangxi (怀远);109.43596;25.37323;Y;MDYZK;
courier;315;古泥;;GUNI Guangxi (古泥);109.59576;25.78536;N;PA_1903;
courier;316;宜阳驿;;YIYANGYI Guangxi (宜阳驿);108.65588;24.49073;N;MDYZK;
courier;317;思恩;;SI'EN Guangxi (思恩);108.25638;24.82961;N;PA_1903;
courier;318;洛容;;LUORONG Guangxi (洛容);109.6091;24.41452;N;MDYZK;
courier;319;横塘驿;;HENGTANGYI Guangxi (横塘驿);109.73333;24.48333;N;MDYZK;
courier;320;永福;;YONGFU Guangxi (永福);109.98115;24.98173;Y;MDYZK;
courier;321;苏桥驿;;SUQIAO Guangxi (苏桥驿);110.05551;25.10777;Y;MDYZK;
courier;322;融安;;RONG’AN Guangxi (融安);109.38817;25.21786;L;PA_1903;
courier;323;怀远镇;;HUAIYUANZHEN Guangxi (怀远镇);108.46484;24.56666;N;PA_1903;
courier;324;雷塘驿;;LEITANGYI Guangxi (雷塘驿);110.28701;25.00367;N;MDYZK;
courier;325;阳朔;;YANGSHUO Guangxi (阳朔);110.48363;24.77776;Y;MDYZK;
courier;326;昭津驿;;ZHAOJINYI Guangxi (昭津驿);110.6465;24.63573;N;MDYZK;
courier;327;合浦;;HEPU Guangxi (合浦);109.15;21.68333;B;PA_1903;
courier;328;博白;;BOBAI Guangxi (博白);109.97141;22.27587;B;PA_1903;
courier;329;郁林;;YULIN Guangxi (郁林);110.14588;22.6321;Y;MDYZK;
courier;330;北流;;BEILIU Guangxi (北流);110.34752;22.71418;Y;MDYZK;
courier;331;容县;;RONGXIAN Guangxi (容县);110.55103;22.86359;Y;MDYZK;
courier;332;藤县;;TENGXIAN Guangxi (藤县);110.90428;23.37312;Y;MDYZK;
courier;333;濛江;;MENGJIANG Guangxi (濛江);110.74472;23.4675;N;PA_1903;
courier;334;白马;;BAIMAXU Guangxi (白马);110.59278;23.46028;P;PA_1903;
courier;335;大乌;;DAWUXU Guangxi (大乌);110.50967;23.38817;N;PA_1903;
courier;336;丹竹;;DANZHU Guangxi (丹竹);110.52222;23.46944;N;PA_1903;
courier;337;平南;;PINGNAN Guangxi (平南);110.39474;23.54998;Y;MDYZK;
courier;338;碧潭驿;;BITANYI Guangxi (碧潭驿);110.21003;23.60027;N;MDYZK;
courier;339;北海;;BEIHAI Guangxi (北海);109.08052;21.61303;L;PA_1903;
courier;340;安铺;;ANPU Guangdong (安铺);110.01667;21.45;L;PA_1903;
courier;341;荔波;;LIBO Guizhou (荔波);107.8784;25.41436;B;PA_1903;
courier;342;来远驿;;LAIYUANYI Guizhou (来远驿);107.54275;25.82907;N;MDYZK;
courier;343;沅水驿;;YUANSHUIYI Hunan (沅水驿);109.68408;27.4473;N;MDYZK;
courier;344;綦江;;QIJIANG Chongqing (綦江);106.63931;29.02526;Y;MDYZK;
courier;345;松坎;;SONGKANYI Guizhou (松坎);106.85136;28.54283;N;PA_1903;
courier;346;遵义;;ZUNYI Guizhou (遵义);106.9316;27.69562;N;PA_1903;
courier;347;开州驿;;KAIZHOU Guizhou (开州驿);106.96738;27.05886;B;PA_1903;
courier;348;修文;;XIUWEN Guizhou (修文);106.59193;26.843;N;PA_1903;
courier;349;武冈;;WUGANG Hunan (武冈);110.62229;26.73071;Y;MDYZK;
courier;350;洪江驿;;HONGJIANG Hunan (洪江驿);109.9916;27.11278;Y;MDYZK;
courier;351;黔阳;;QIANYANG Hunan (黔阳);109.81185;27.19513;Y;MDYZK;
courier;352;靖州;;JINGZHOU Hunan (靖州);109.69478;26.57576;Y;MDYZK;
courier;353;会同;;HUITONG Hunan (会同);109.71355;26.86149;Y;MDYZK;
courier;354;永定卫;;YONGDINGWEI Hunan (永定卫);110.48471;29.12795;N;MDYZK;
courier;355;慈利;;CILI Hunan (慈利);111.12171;29.42634;B;PA_1903;
courier;356;石门;;SHIMEN Hunan (石门);111.37361;29.58854;Y;MDYZK;
courier;357;靖港;;JINGGANG Hunan (靖港);112.78163;28.46236;N;PA_1903;
courier;358;大荆驿;;DAJINGYI Hunan (大荆驿);113.26285;28.96238;Y;MDYZK;
courier;359;云谿驿;;YUNXI Hunan (云谿驿);113.23333;29.5;Y;MDYZK;
courier;360;港口驿;;GANGKOUYI Hubei (港口驿);113.70691;29.53064;N;MDYZK;
courier;361;凤山驿;;FENGSHANYI Hubei (凤山驿);113.78333;29.63333;Y;MDYZK;
courier;362;始兴;;SHIXING Guangdong (始兴);114.06315;24.94576;Y;MDYZK;
courier;363;宁远;;NINGYUAN Hunan (宁远);111.93868;25.59845;B;PA_1903;
courier;364;江华;;JIANGHUA Hunan (江华);111.5812;25.18827;N;PA_1903;
courier;365;永明;;YONGMING Hunan (永明);111.33645;25.27697;N;PA_1903;
courier;366;萍乡;;PINGXIANG Jiangxi (萍乡);113.83864;27.63142;Y;MDYZK;
courier;367;醴陵;;LILING Hunan (醴陵);113.4941;27.66852;B;PA_1903;
courier;368;株洲;;ZHUZHOU Hunan (株洲);113.15001;27.85256;N;PA_1903;
courier;369;犁步头;;LIBUTOU Guangdong (犁步头);113.51667;24.9;N;PA_1903;
courier;370;乐昌;;LECHANG Guangdong (乐昌);113.34679;25.13487;Y;MDYZK;
courier;371;马霸;;MABA Guangdong (马霸);113.58334;24.68333;N;PA_1903;
courier;372;乌石;;WUSHI Guangdong (乌石);113.58702;24.56922;N;PA_1903;
courier;373;沙口;;SHAKOU Guangdong (沙口);113.53175;24.41668;N;PA_1903;
courier;374;河头;;HETOU Guangdong (河头);113.45217;24.26414;N;PA_1903;
courier;375;翁源;;WENGYUAN Guangdong (翁源);113.82032;24.37514;B;PA_1903;
courier;376;龙归墟;;LONGGUIXU Guangdong (龙归墟);113.46286;24.71791;N;PA_1903;
courier;377;乳源;;RUYUAN Guangdong (乳源);113.269;24.784;B;PA_1903;
courier;378;沙河;;SHAHE Guangdong (沙河);112.88917;23.98898;N;PA_1903;
courier;379;白石潭;;BAISHITANXU Guangdong (白石潭);112.75963;24.12674;P;PA_1903;
courier;380;社步墟;;DUBUXU Guangdong (社步墟);112.66204;24.32895;L;PA_1903;
courier;381;水口;;SHUIKOU Guangdong (水口);112.71365;24.39619;N;PA_1903;
courier;382;阳山;;YANGSHAN Guangdong (阳山);112.63827;24.48501;B;PA_1903;
courier;383;连州;;LIANZHOU Guangdong (连州);112.37812;24.7797;B;PA_1903;
courier;384;三江;;SANJIANG Guangdong (三江);112.283;24.719;N;PA_1903;
courier;385;三洲;;SANZHOU Guangdong (三洲);112.848;22.889;N;PA_1903;
courier;386;高明;;GAOMING Guangdong (高明);112.69559;22.86234;Y;MDYZK;
courier;387;四会;;SIHUI Guangdong (四会);112.69453;23.34871;Y;MDYZK;
courier;388;广宁;;GUANGNING Guangdong (广宁);112.43132;23.64274;Y;MDYZK;
courier;389;怀集驿;;HUAIJI Guangdong (怀集驿);112.17924;23.91219;B;PA_1903;
courier;390;校椅;;JIAOYIXU Guangxi (校椅);109.23946;22.83549;N;PA_1903;
courier;391;钦州;;QINZHOU Guangxi (钦州);108.6144;21.95143;L;PA_1903;
courier;392;遂溪;;SUIXI Guangdong (遂溪);110.25089;21.38298;B;PA_1903;
courier;393;城月;;CHENGYUE Guangdong (城月);110.07483;21.17492;Y;MDYZK;
courier;394;洋菁;;YANGJING Guangdong (洋菁);110.11496;21.36642;N;PA_1903;
courier;395;海康;;HAIKANG Guangdong (海康);110.08791;20.90196;N;PA_1903;
courier;396;英利驿;;YINGLI Guangdong (英利驿);110.08394;20.56885;Y;MDYZK;
courier;397;徐闻;;XUWEN Guangdong (徐闻);110.16278;20.32968;Y;MDYZK;
courier;398;石城;;SHICHENG Guangdong (石城);110.27356;21.5936;N;PA_1903;
courier;399;陵水驿;;LINGSHUIYI Guangdong (陵水驿);110.62531;21.65403;N;MDYZK;
courier;400;南盛;;NANSHENG Guangdong (南盛);110.70665;21.73175;N;PA_1903;
courier;401;石鼓;;SHIGU Guangdong (石鼓);110.76403;21.83073;N;PA_1903;
courier;402;高州;;GAOZHOU Guangdong (高州);110.85381;21.91921;Y;MDYZK;
courier;403;梧州;;WUZHOU Guangxi (梧州);111.30857;23.4869;Y;MDYZK;
courier;404;昭潭驿;;ZHAOPING Guangxi (昭潭驿);110.80361;24.16912;N;MDYZK;
courier;405;崧台驿;;ZHAOQING Guangdong (崧台驿);112.45316;23.05692;N;MDYZK;
courier;406;汕头;;SHANTOU Guangdong (汕头);116.68288;23.36396;N;PA_1903;
courier;407;菴埠;;ANBU Guangdong (菴埠);116.6849;23.4515;P;PA_1903;
courier;408;彩塘市;;CAITANGXU Guangdong (彩塘市);116.65552;23.50681;P;PA_1903;
courier;409;龙湖;;LONGHU Guangdong (龙湖);116.64672;23.55527;N;PA_1903;
courier;410;浮阳;;FUYANG Guangdong (浮阳);116.60291;23.58144;N;PA_1903;
courier;411;凤城驿;;FENGCHENGYI Guangdong (凤城驿);116.63666;23.66771;Y;MDYZK;
courier;412;馏隍;;LIUHUANG Guangdong (馏隍);116.458;23.914;N;PA_1903;
courier;413;新渡;;XINDU Guangdong (新渡);116.52325;24.09502;N;PA_1903;
courier;414;嘉应;;JIAYINGFU Guangdong (嘉应);116.1105;24.31578;N;PA_1903;
courier;415;程江驿;;CHENGJIANGYI Guangdong (程江驿);116.63282;24.18622;Y;MDYZK;
courier;416;三河灞;;SANHEBA Guangdong (三河灞);116.56304;24.39469;N;PA_1903;
courier;417;大埔;;DAPU Guangdong (大埔);116.68544;24.51775;Y;MDYZK;
courier;418;七都驿;;QIDUYI Guangdong (七都驿);115.97683;24.04063;L;MDYZK;
courier;419;兴宁驿;;XINGNING Guangdong (兴宁驿);115.72735;24.13869;Y;MDYZK;
courier;420;陆丰;;LUFENG Guangdong (陆丰);115.64108;22.94847;B;PA_1903;
courier;421;南丰驿;;NANFENGYI Guangdong (南丰驿);115.335;22.976;Y;MDYZK;
courier;422;长乐;;CHANGLE Guangdong (长乐);115.61644;24.06605;Y;MDYZK;
courier;423;岐岭;;QILINGXU Guangdong (岐岭);115.44748;24.08087;N;PA_1903;
courier;424;鹤市墟;;HESHIXU Guangdong (鹤市墟);115.36162;24.00702;L;PA_1903;
courier;425;老隆;;LAOLONG Guangdong (老隆);115.25559;24.09971;N;PA_1903;
courier;426;龙川;;LONGCHUAN Guangdong (龙川);115.18617;24.06;Y;MDYZK;
courier;427;蓝口;;LANKOU Guangdong (蓝口);115.08398;23.95698;N;PA_1903;
courier;428;河源;;HEYUAN Guangdong (河源);114.69146;23.73683;Y;MDYZK;
courier;429;埔前;;PUQIAN Guangdong (埔前);114.6;23.56667;N;PA_1903;
courier;430;观音阁;;GUANYINGE Guangdong (观音阁);114.58678;23.40176;N;PA_1903;
courier;431;赤尾;;CHIWEI Guangdong (赤尾);114.46667;23.35;N;PA_1903;
courier;432;横沥;;HENGLI Guangdong (横沥);114.6;23.16667;N;PA_1903;
courier;433;欣乐驿;;XINLEYI Guangdong (欣乐驿);114.41029;23.08938;N;MDYZK;
courier;434;博罗;;BOLUO Guangdong (博罗);114.27361;23.17225;Y;MDYZK;
courier;435;文川驿;;WENCHUANYI Sichuan (文川驿);104.61636;28.77483;N;MDYZK;
courier;436;南溪;;NANXI Sichuan (南溪);104.97202;28.84798;Y;MDYZK;
courier;437;卢川驿;;LUCHUANYI Sichuan (卢川驿);105.437;28.88436;N;MDYZK;
courier;438;陆桥驿;;LUQIAOYI Sichuan (陆桥驿);105.27304;29.34938;N;MDYZK;
courier;439;荣昌;;RONGCHANG Chongqing (荣昌);105.59631;29.41277;Y;MDYZK;
courier;440;内江;;NEIJIANG Sichuan (内江);105.05389;29.58076;Y;MDYZK;
courier;441;资县;;ZIZHOU Sichuan (资县);104.84836;29.78475;Y;MDYZK;
courier;442;东皋驿;;DONGCHUAN Chongqing (东皋驿);105.89661;29.36029;N;MDYZK;
courier;443;合江;;HEJIANG Sichuan (合江);105.82673;28.812;Y;MDYZK;
courier;444;纳溪驿;;NAXI Sichuan (纳溪驿);105.38173;28.78206;Y;MDYZK;
courier;445;永宁卫;;YONGNING Sichuan (永宁卫);105.42077;28.1744;Y;MDYZK;
courier;446;长宁;;CHANGNING Sichuan (长宁);104.88917;28.37927;Y;MDYZK;
courier;447;都宁驿;;DUNINGYI Sichuan (都宁驿);104.79779;28.38119;N;MDYZK;
courier;448;兴文;;XINGWEN Sichuan (兴文);105.08633;28.34063;B;PA_1903;
courier;449;会理;;HUILI Sichuan (会理);102.23386;26.66187;N;PA_1903;
courier;450;阿用驿;;AYONGYI Sichuan (阿用驿);102.32646;27.33291;Y;MDYZK;
courier;451;泸川驿;;LUCHUANYI Sichuan (泸川驿);102.26695;27.89982;Y;MDYZK;
courier;452;泸沽驿;;LUGUGUAN Sichuan (泸沽驿);102.19712;28.30733;Y;MDYZK;
courier;453;宁番卫;;NINGFANWEI Sichuan (宁番卫);102.1657;28.55095;Y;MDYZK;
courier;454;越xi;;YUEXI Sichuan (越xi);102.50378;28.64376;Y;MDYZK;
courier;455;清溪;;QINGXI Sichuan (清溪);102.6178;29.58505;N;PA_1903;
courier;456;富林;;FULIN Sichuan (富林);102.67693;29.35404;N;PA_1903;
courier;457;箐口驿;;JINGKOUYI Sichuan (箐口驿);102.83732;29.79533;Y;MDYZK;
courier;458;雅安驿;;YA'AN Sichuan (雅安驿);102.98437;29.98556;Y;MDYZK;
courier;459;太平驿;;TAIPINGYI Sichuan (太平驿);102.7505;30.07864;Y;MDYZK;
courier;460;邛州;;QIONGZHOU Sichuan (邛州);103.45682;30.41659;Y;MDYZK;
courier;461;嘉定州;;JIADING Sichuan (嘉定州);103.75156;29.57069;Y;MDYZK;
courier;462;竹根滩;;ZHUGENTAN Sichuan (竹根滩);103.79756;29.36479;N;PA_1903;
courier;463;犍为;;JIANWEI Sichuan (犍为);103.94312;29.20924;Y;MDYZK;
courier;464;牛华溪;;NIUHUAXI Sichuan (牛华溪);103.8094;29.46974;N;PA_1903;
courier;465;青神;;QINGSHEN Sichuan (青神);103.84511;29.83728;Y;MDYZK;
courier;466;眉州驿;;MEIZHOU Sichuan (眉州驿);103.83146;30.0505;Y;MDYZK;
courier;467;彭山;;PENGSHAN Sichuan (彭山);103.86925;30.20075;Y;MDYZK;
courier;468;崇庆州;;CHONGQINGZHOU Sichuan (崇庆州);103.67261;30.63656;Y;MDYZK;
courier;469;温江;;WENJIANG Sichuan (温江);103.8306;30.70227;B;PA_1903;
courier;470;汉州;;HANZHOU Sichuan (汉州);104.28307;30.98131;Y;MDYZK;
courier;471;安远驿;;ANYUANYI Sichuan (安远驿);103.57815;31.47779;Y;MDYZK;
courier;472;寒水驿;;HANSHUIYI Sichuan (寒水驿);103.48019;31.29779;Y;MDYZK;
courier;473;永康驿;;YONGKANGYI Sichuan (永康驿);103.6214;31.01261;Y;MDYZK;
courier;474;护林驿;;HULINYI Sichuan (护林驿);103.85304;31.68893;Y;MDYZK;
courier;475;江油;;JIANGYOU Sichuan (江油);104.77653;31.88281;Y;MDYZK;
courier;476;中坝;;ZHONGBA Sichuan (中坝);104.74095;31.77812;N;PA_1903;
courier;477;彰明;;ZHANGMING Sichuan (彰明);104.71854;31.71863;N;PA_1903;
courier;478;古松驿;;GUSONGYI Sichuan (古松驿);103.5927;32.64832;Y;MDYZK;
courier;479;汉子驿;;HANZIYI Sichuan (汉子驿);104.52972;32.41316;Y;MDYZK;
courier;480;皇华驿;;HUANGHUAYI Sichuan (皇华驿);105.08757;31.09462;N;MDYZK;
courier;481;五城驿;;WUCHENGYI Sichuan (五城驿);104.67905;31.04428;Y;MDYZK;
courier;482;简州;;JIANZHOU Sichuan (简州);104.55041;30.39027;Y;MDYZK;
courier;483;巴县;;BAXIAN Chongqing (巴县);106.55267;29.55997;Y;MDYZK;
courier;484;来凤驿;;LAIFENGYI Chongqing (来凤驿);106.20205;29.43648;Y;MDYZK;
courier;485;苍溪驿;;CANGXI Sichuan (苍溪驿);105.93304;31.74311;Y;MDYZK;
courier;486;锦屏驿;;JINPINGYI Sichuan (锦屏驿);105.96703;31.58316;Y;MDYZK;
courier;487;南部;;NANBU Sichuan (南部);106.05859;31.35962;B;PA_1903;
courier;488;西充;;XICHONG Sichuan (西充);105.88094;31.01046;B;PA_1903;
courier;489;南充;;NANCHONG Sichuan (南充);106.08073;30.79899;N;PA_1903;
courier;490;定远;;DINGYUAN Sichuan (定远);106.2584;30.27237;N;PA_1903;
courier;491;合阳驿;;HEYANGYI Chongqing (合阳驿);106.25956;30.00394;N;MDYZK;
courier;492;丰台区;;FENGTAI Beijing (丰台区);116.28399;39.84945;B;PA_1903;
courier;493;长辛店;;ZHANGXINDIAN Beijing (长辛店);116.19398;39.8273;L;PA_1903;
courier;494;清苑驿;;QINGYUANYI Hebei (清苑驿);115.49348;39.34904;N;MDYZK;
courier;495;梁各庄;;LIANGGEZHUANG Hebei (梁各庄);115.40012;39.38354;N;PA_1903;
courier;496;高碑店;;BANBIDIAN Hebei (高碑店);115.37705;39.35307;P;PA_1903;
courier;497;汾水驿;;FENSHUIYI Hebei (汾水驿);116.00833;39.11052;Y;MDYZK;
courier;498;鄚州镇;;MAOZHOUZHEN Hebei (鄚州镇);116.10706;38.86037;N;PA_1903;
courier;499;三十里铺;;SANSHILIPU Hebei (三十里铺);116.07121;38.56557;N;PA_1903;
courier;500;石门桥;;SHIMENQIAO Hebei (石门桥);116.05;38.63334;N;PA_1903;
courier;501;白沟驿;;BAIGOUYI Hebei (白沟驿);115.55067;38.95052;N;MDYZK;
courier;502;陉阳驿;;XINGYANG Hebei (陉阳驿);115.24406;38.78021;N;MDYZK;
courier;503;祁州;;QIZHOU Hebei (祁州);115.31509;38.41234;N;PA_1903;
courier;504;东亭;;DONGTING Hebei (东亭);115.12502;38.47488;N;PA_1903;
courier;505;晋州;;JINZHOU Hebei (晋州);115.03542;38.03249;B;PA_1903;
courier;506;建桥镇;;JIANQIAOZHEN Hebei (建桥镇);116.26667;37.95;N;PA_1903;
courier;507;临铭驿;;LINMINGYI Hebei (临铭驿);114.49962;36.93683;Y;MDYZK;
courier;508;临铭驿;;LINMINGGUAN Hebei (临铭驿);114.48263;36.79036;Y;MDYZK;
courier;510;大名府;;DAMINGFU Hebei (大名府);115.1465;36.27553;Y;MDYZK;
courier;511;广平;;GUANGPING Hebei (广平);114.93416;36.47751;B;PA_1903;
courier;512;肥乡;;FEIXIANG Hebei (肥乡);114.8031;36.55203;Y;MDYZK;
courier;513;南乐;;NANLE Henan (南乐);115.19762;36.07747;Y;MDYZK;
courier;514;清丰;;QINGFENG Henan (清丰);115.11004;35.90877;Y;MDYZK;
courier;515;开州;;KAIZHOU Henan (开州);115.00593;35.75428;Y;MDYZK;
courier;516;龙王庙;;LONGWANGMIAO Hebei (龙王庙);115.22105;36.2217;N;PA_1903;
courier;517;码头;;MATOU Hebei (码头);114.42361;36.47361;N;PA_1903;
courier;518;榆河驿;;YUHE Beijing (榆河驿);116.22368;40.2221;N;MDYZK;
courier;519;土木驿;;TUMUYI Hebei (土木驿);115.75959;40.36133;L;MDYZK;
courier;520;万全都司;;WANQUANDUSI Hebei (万全都司);115.05115;40.61036;L;PA_1903;
courier;521;赵川堡;;ZHAOCHUANBAO Hebei (赵川堡);115.34422;40.68259;N;PA_1903;
courier;522;龙门;;LONGMEN Hebei (龙门);115.57268;40.77919;Y;MDYZK;
courier;523;赤城县;;CHICHENG Hebei (赤城县);115.81398;40.91349;B;PA_1903;
courier;524;独石堡;;DUSHIKOU Hebei (独石堡);115.71124;41.31356;Y;MDYZK;
courier;525;张家口;;ZHANGJIAKOU Hebei (张家口);114.88594;40.79126;N;PA_1903;
courier;526;万全;;WANQUAN Hebei (万全);114.73473;40.8649;Y;MDYZK;
courier;528;顺义驿;;SHUNYI Beijing (顺义驿);116.6414;40.12755;Y;MDYZK;
courier;529;密云驿;;MIYUN Beijing (密云驿);116.84046;40.37148;Y;MDYZK;
courier;530;石匣驿;;SHIXIA Beijing (石匣驿);117.06667;40.55;Y;MDYZK;
courier;531;古北口;;GUBEIKOU Beijing (古北口);117.15;40.6833;N;PA_1903;
courier;532;滦平;;LUANPING Hebei (滦平);117.73065;40.94932;N;PA_1903;
courier;533;承德府;;CHENGDEFU Hebei (承德府);117.91985;40.96579;Y;MDYZK;
courier;534;张三营;;ZHANGSANYING Hebei (张三营);117.74059;41.57152;N;PA_1903;
courier;535;黄姑屯;;HUANGGUTUN Hebei (黄姑屯);117.725;41.31167;N;PA_1903;
courier;536;太平地;;TAIPINGDI Hebei (太平地);118.15343;41.90189;N;PA_1903;
courier;537;围场;;WEICHANG Hebei (围场);117.57013;41.93219;B;PA_1903;
courier;538;道口镇;;DAOKOUZHEN Henan (道口镇);114.5108;35.58151;Y;MDYZK;
courier;539;洛口驿;;GONGXIAN Henan (洛口驿);113.01959;34.77892;N;MDYZK;
courier;540;首阳驿;;SHOUYANGYI Henan (首阳驿);112.81321;34.71491;N;MDYZK;
courier;541;周南驿;;ZHOUNANYI Henan (周南驿);112.38263;34.66528;N;MDYZK;
courier;542;孟津;;MENGJIN Henan (孟津);112.63674;34.81384;B;PA_1903;
courier;543;河阳驿;;HEYANGYI Henan (河阳驿);112.7828;34.90318;N;MDYZK;
courier;544;覃怀驿;;HUAIQINGFU Henan (覃怀驿);112.93699;35.0893;N;MDYZK;
courier;545;济源;;JIYUAN Henan (济源);112.58267;35.09244;B;PA_1903;
courier;546;崇宁驿;;CHONGNINGYI Henan (崇宁驿);113.66022;35.26813;N;MDYZK;
courier;547;武安驿;;WU’ANYI Henan (武安驿);113.43484;35.2312;N;MDYZK;
courier;548;万善驿;;WANSHANYI Henan (万善驿);112.96114;35.17649;Y;MDYZK;
courier;549;宁郭驿;;NINGGUOYI Henan (宁郭驿);113.20303;35.14969;Y;MDYZK;
courier;550;西河营;;XIHEYING Hebei (西河营);114.76077;39.96149;N;PA_1903;
courier;551;蔚州;;WEIZHOU Hebei (蔚州);114.56905;39.84054;L;PA_1903;
courier;552;桃花堡;;TAOHUABAO Hebei (桃花堡);114.98914;40.06205;N;PA_1903;
courier;553;吉家庄;;JIJIAZHUANG Hebei (吉家庄);114.85104;40.01809;N;PA_1903;
courier;556;保安州;;BAO'ANZHOU Hebei (保安州);115.21474;40.37656;L;MDYZK;
courier;557;蠜山堡;;FANSHANBAO Hebei (蠜山堡);115.43069;40.21649;N;PA_1903;
courier;558;沙城;;SHACHENG Hebei (沙城);115.5107;40.39766;L;PA_1903;
courier;559;土木驿;;TUMUYI Hebei (土木驿);115.40369;40.43613;L;PA_1903;
courier;560;鸡鸣驿;;JIMINGBAO Hebei (鸡鸣驿);115.31073;40.45443;Y;MDYZK;
courier;563;河东驿;;HEDONGYI Shanxi (河东驿);110.33231;34.83513;Y;MDYZK;
courier;564;潼关;;TONGGUANTING Shaanxi (潼关);110.27365;34.59881;B;PA_1903;
courier;565;桃林驿;;TAOLINYI Henan (桃林驿);110.94149;34.68462;N;MDYZK;
courier;566;甘棠驿;;GUTANGYI Henan (甘棠驿);111.15563;34.79054;N;MDYZK;
courier;567;蠡城驿;;LICHENGYI Henan (蠡城驿);111.76631;34.7652;N;MDYZK;
courier;568;函关驿;;HANGUANYI Henan (函关驿);112.1443;34.73306;N;MDYZK;
courier;569;许州驿;;XUZHOUYI Henan (许州驿);113.81975;34.03139;N;MDYZK;
courier;570;亢村驿;;KANGCUNYI Henan (亢村驿);113.68136;35.12496;Y;MDYZK;
courier;571;石门镇驿;;SHIMENZHENYI Hebei (石门镇驿);117.69675;40.11243;Y;MDYZK;
courier;572;遵化驿;;ZUNHUA Hebei (遵化驿);117.95798;40.18445;Y;MDYZK;
courier;573;和合驿;;HEHEYI Beijing (和合驿);116.87155;39.76957;Y;MDYZK;
courier;574;张家湾;;ZHANGJIAWAN Beijing (张家湾);116.698;39.84687;Y;MDYZK;
courier;575;河西驿;;HEXIYI Tianjin (河西驿);116.95332;39.62165;Y;MDYZK;
courier;576;杨青驿;;YANGQINGYI Tianjin (杨青驿);117.18782;39.13697;N;MDYZK;
courier;577;杨村驿;;YANGCUNYI Tianjin (杨村驿);117.06313;39.37859;Y;MDYZK;
courier;578;榆关驿;;YUGUANYI Hebei (榆关驿);119.77024;40.01019;N;MDYZK;
courier;579;索亭驿;;SUNINGYI Henan (索亭驿);113.53442;34.87436;N;MDYZK;
courier;580;荥阳;;YINGYANG Henan (荥阳);113.3474;34.78311;Y;MDYZK;
courier;581;圃田驿;;PUTIANYI Henan (圃田驿);114.02625;34.73209;N;MDYZK;
courier;582;尉氏驿;;WEISHIYI Henan (尉氏驿);114.18077;34.41345;Y;MDYZK;
courier;583;洧川驿;;WEICHUANYI Henan (洧川驿);113.98012;34.28829;Y;MDYZK;
courier;584;上蔡驿;;SHANGCAIYI Henan (上蔡驿);114.25935;33.26724;Y;MDYZK;
courier;585;汝阳驿;;RUYANGYI Henan (汝阳驿);114.34425;33.00482;Y;MDYZK;
courier;586;真阳县;;ZHENYANG Henan (真阳县);114.38121;32.60912;Y;MDYZK;
courier;587;罗山;;LUOSHAN Henan (罗山);114.52224;32.20237;Y;MDYZK;
courier;588;沙窝;;SHAWO Henan (沙窝);115.12511;31.69777;L;PA_1903;
courier;589;遂平;;SUIPING Henan (遂平);113.98911;33.14784;B;PA_1903;
courier;590;确山;;QUESHAN Henan (确山);114.01678;32.8109;B;PA_1903;
courier;591;宛城驿;;WANCHENGYI Henan (宛城驿);112.53547;33.00168;N;MDYZK;
courier;592;林水驿;;LINSHUIYI Henan (林水驿);112.511;32.755;Y;MDYZK;
courier;593;莘城驿;;SHENCHENGYI Henan (莘城驿);114.52453;34.6732;N;MDYZK;
courier;594;雍丘驿;;YONGQIUYI Henan (雍丘驿);114.77448;34.55351;Y;MDYZK;
courier;595;雍丘驿;;YONGQIUYI Henan (雍丘驿);114.77448;34.55351;Y;MDYZK;
courier;596;葵丘驿;;KUIQIUYI Henan (葵丘驿);115.06597;34.4305;Y;MDYZK;
courier;597;宁城驿;;NINGCHENGYI Henan (宁城驿);115.31537;34.44598;Y;MDYZK;
courier;598;商丘驿;;SHANGQIUYI Henan (商丘驿);115.60745;34.38505;Y;MDYZK;
courier;599;石榴固驿;;SHILIUGUYI Henan (石榴固驿);115.85872;34.23513;Y;MDYZK;
courier;600;会亭驿;;HUITINGYI Henan (会亭驿);116.06885;34.09718;Y;MDYZK;
courier;601;太丘驿;;TAIQIUYI Henan (太丘驿);116.364;33.93946;Y;MDYZK;
courier;602;砂涧驿;;SHAJIANYI Shanxi (砂涧驿);113.54461;39.27515;N;MDYZK;
courier;603;九原驿;;JIUYUANYI Shanxi (九原驿);112.7312;38.39856;Y;MDYZK;
courier;604;广武驿;;GUANGWUYI Shanxi (广武驿);112.78545;39.20152;Y;MDYZK;
courier;605;城东驿;;CHENGDONGYI Shanxi (城东驿);112.422;39.308;Y;MDYZK;
courier;607;偏头关所;;PIANTOUGUANSUO Shanxi (偏头关所);111.497;39.442;N;MDYZK;
courier;610;永宁驿;;YONGNINGYI Shanxi (永宁驿);111.57189;38.70199;Y;MDYZK;
courier;611;岚县;;LANXIAN Shanxi (岚县);111.693;38.391;Y;MDYZK;
courier;612;闹埿驿;;NAONIYI Shanxi (闹埿驿);111.94011;38.35766;Y;MDYZK;
courier;613;康家会驿;;KANGJIAHUIYI Shanxi (康家会驿);112.18762;38.31668;Y;MDYZK;
courier;614;凌井驿;;LINGJINGYI Shanxi (凌井驿);112.4156;38.13961;Y;MDYZK;
courier;615;广灵;;GUANGLING Shanxi (广灵);114.27605;39.76355;Y;MDYZK;
courier;616;瓮城口驿;;WENGCHENGKOUYI Shanxi (瓮城口驿);113.5017;39.87846;Y;MDYZK;
courier;617;浑源州;;HUNYUAN Shanxi (浑源州);113.6849;39.69634;Y;MDYZK;
courier;618;云中驿;;YUNZHONGYI Shanxi (云中驿);113.29639;40.09284;L;MDYZK;
courier;619;西安驿;;XI’ANYI Shanxi (西安驿);113.103;39.82;N;MDYZK;
courier;620;安银子驿;;ANYINZIYI Shanxi (安银子驿);113.18365;39.55909;N;MDYZK;
courier;621;山阴驿;;SHANGYINYI Shanxi (山阴驿);112.94273;39.44044;Y;MDYZK;
courier;623;同戈驿;;TONGGEYI Shanxi (同戈驿);112.50806;37.59361;Y;MDYZK;
courier;624;贾令驿;;JIALINGYI Shanxi (贾令驿);112.35695;37.41525;Y;MDYZK;
courier;625;仁义驿;;RENYI Shanxi (仁义驿);111.76685;36.74574;Y;MDYZK;
courier;626;霍山驿;;HOUSHANYI Shanxi (霍山驿);111.33807;35.60886;N;MDYZK;
courier;627;盘陀驿;;PANTUOYI Shanxi (盘陀驿);112.48277;37.23569;Y;MDYZK;
courier;628;南关驿;;NANGUANYI Shanxi (南关驿);112.50966;37.0959;Y;MDYZK;
courier;629;权店驿;;QUANDIANYI Shanxi (权店驿);112.58008;36.95312;Y;MDYZK;
courier;630;沁阳驿;;QINYANGYI Shanxi (沁阳驿);112.69898;36.75743;Y;MDYZK;
courier;631;毓婷驿;;YUTINGYI Shanxi (毓婷驿);112.80595;36.56928;N;MDYZK;
courier;632;漳泽驿;;ZHANGZEYI Shanxi (漳泽驿);113.10348;36.18354;N;MDYZK;
courier;633;余吾驿;;YUWUYI Shanxi (余吾驿);112.83334;36.38334;Y;MDYZK;
courier;634;长平驿;;CHANGPINGYI Shanxi (长平驿);112.91666;35.9;Y;MDYZK;
courier;635;高平;;GAOPING Shanxi (高平);112.91959;35.79206;Y;MDYZK;
courier;636;乔村驿;;QIAOCUNYI Shanxi (乔村驿);112.885;35.698;Y;MDYZK;
courier;637;太行驿;;TAIHANGYI Shanxi (太行驿);112.83916;35.50432;Y;MDYZK;
courier;638;龙山镇驿;;LONGSHANZHENYI Shandong (龙山镇驿);117.34889;36.73124;Y;MDYZK;
courier;639;金岭镇驿;;JINGLINGZHENYI Shandong (金岭镇驿);118.19504;36.79986;Y;MDYZK;
courier;640;青社驿;;QINGSHEYI Shandong (青社驿);118.47827;36.68792;Y;MDYZK;
courier;641;潍县;;WEIXIAN Shandong (潍县);119.1065;36.70271;Y;MDYZK;
courier;642;昌邑;;CHANGYI Shandong (昌邑);119.39998;36.85567;Y;MDYZK;
courier;643;灰埠驿;;HUIBUYI Shandong (灰埠驿);119.70797;36.98955;Y;MDYZK;
courier;644;莱州府;;LAIZHOUFU Shandong (莱州府);119.938;37.17543;Y;MDYZK;
courier;645;黄山馆驿;;HUANGSHANGUANYI Shandong (黄山馆驿);120.27515;37.54088;Y;MDYZK;
courier;646;黄县;;HUANGXIAN Shandong (黄县);120.52074;37.64667;Y;MDYZK;
courier;647;登州府;;DENGZHOUFU Shandong (登州府);120.7405;37.80452;Y;MDYZK;
courier;649;五宁驿;;WUNINGYI Shandong (五宁驿);116.76808;36.25095;Y;MDYZK;
courier;650;清川村驿;;QINGCHUANCUNYI Shandong (清川村驿);116.79002;35.7644;Y;MDYZK;
courier;651;新嘉驿;;XINJIAYI Shandong (新嘉驿);116.66961;35.6504;Y;MDYZK;
courier;652;铜城驿;;TONGCHENGYI Shandong (铜城驿);116.23942;36.32959;Y;MDYZK;
courier;653;旧县驿;;JIUXIANYI Shandong (旧县驿);116.23666;36.12102;Y;MDYZK;
courier;654;百善道驿;;BAISHANDAOYI Anhui (百善道驿);116.65778;33.78167;Y;MDYZK;
courier;655;濠梁驿;;HAOLIANGYI Anhui (濠梁驿);117.53775;32.86535;N;MDYZK;
courier;656;护城驿;;HUCHENGYI Anhui (护城驿);117.6;32.05;Y;MDYZK;
courier;657;张桥驿;;ZHANGQIAOYI Anhui (张桥驿);117.61906;32.32916;Y;MDYZK;
courier;658;三沟驿;;SANGOUYI Anhui (三沟驿);116.97505;31.5029;Y;MDYZK;
courier;659;派河驿;;PAIHEYI Anhui (派河驿);117.15776;31.71694;Y;MDYZK;
courier;660;棠邑驿;;YEYIYI Jiangsu (棠邑驿);118.8379;32.34842;Y;MDYZK;
courier;661;梅心驿;;MEIXINYI Anhui (梅心驿);117.02015;31.34037;Y;MDYZK;
courier;662;陶冲驿;;TAOCHONGYI Anhui (陶冲驿);116.79016;30.92253;Y;MDYZK;
courier;663;小池驿;;XIAOCHIYI Anhui (小池驿);116.38889;30.52555;Y;MDYZK;
courier;664;宿松;;SUSONG Anhui (宿松);116.1142;30.15121;Y;MDYZK;
courier;667;麻城;;MACHENG Hubei (麻城);115.03097;31.18092;B;PA_1903;
courier;668;李坪驿;;LIPINGYI Hubei (李坪驿);114.86824;30.63178;Y;MDYZK;
courier;669;吕堰驿;;LVYANYI Hubei (吕堰驿);112.22893;32.26555;Y;MDYZK;
courier;670;石桥驿;;SHIQIAOYI Hubei (石桥驿);112.22737;31.26069;Y;MDYZK;
courier;671;丽阳驿;;LIYANGYI Hubei (丽阳驿);112.31873;31.43353;Y;MDYZK;
courier;672;建阳驿;;JIANYANGYI Hubei (建阳驿);112.18095;30.69175;Y;MDYZK;
courier;673;公安驿;;GONG'ANYI Hubei (公安驿);112.22417;30.06056;Y;MDYZK;
courier;674;白沙驿;;BAISHAYI Hubei (白沙驿);112.3;30.2;Y;MDYZK;
courier;675;大龙驿;;DALONGYI Hunan (大龙驿);111.60265;29.2061;Y;MDYZK;
courier;676;清化驿;;QINGHUAYI Hunan (清化驿);111.65214;29.44785;Y;MDYZK;
courier;677;枣阳县;;ZAOYANG Hubei (枣阳县);112.7566;32.13202;Y;MDYZK;
courier;678;随州;;SUIZHOU Hubei (随州);113.36982;31.71511;Y;MDYZK;
courier;679;石城驿;;SHICHENGYI Hubei (石城驿);112.58926;31.16983;Y;MDYZK;
courier;680;丰乐河驿;;FENGLEHEYI Hubei (丰乐河驿);112.48116;31.46446;Y;MDYZK;
courier;681;城北驿;;CHENGBEIYI Hubei (城北驿);113.56968;30.946;Y;MDYZK;
courier;682;刘家驿;;LIUJIAYI Hubei (刘家驿);113.81085;30.76421;Y;MDYZK;
courier;683;郢东驿;;YINGDONGYI Hubei (郢东驿);112.8774;31.1546;Y;MDYZK;
courier;684;蔡店驿;;CAIDIANYI Hubei (蔡店驿);114.02563;30.58098;Y;MDYZK;
courier;685;阳逻驿;;YANGLUOYI Hubei (阳逻驿);114.56286;30.65994;Y;MDYZK;
courier;686;石头口驿;;SHITOUKOUYI Hubei (石头口驿);113.62487;29.87923;Y;MDYZK;
courier;687;金口驿;;JINKOUYI Hubei (金口驿);114.13541;30.34289;Y;MDYZK;
courier;688;簲州驿;;PAIZHOUYI Hubei (簲州驿);113.9317;30.21595;Y;MDYZK;
courier;689;鱼山驿;;YUSHANYI Hubei (鱼山驿);113.9;29.98333;N;MDYZK;
courier;690;长安驿;;CHANG'ANYI Hunan (长安驿);113.46667;29.48333;Y;MDYZK;
courier;691;官塘驿;;GUANTANGYI Hubei (官塘驿);114.08427;29.80722;Y;MDYZK;
courier;692;东湖驿;;DONGHUYI Hubei (东湖驿);114.40243;30.35341;Y;MDYZK;
courier;693;山陂驿;;SHANPOYI Hubei (山陂驿);114.34385;30.09302;Y;MDYZK;
courier;694;都石驿;;DUSHIYI Hunan (都石驿);113.1;27.6;Y;MDYZK;
courier;695;皇华驿;;HUANGHUAYI Hunan (皇华驿);112.88561;27.38251;N;MDYZK;
courier;696;渌口驿;;LUKOUYI Hunan (渌口驿);113.13333;27.7;Y;MDYZK;
courier;697;排山驿;;PAISHANYI Hunan (排山驿);112.22751;26.79278;Y;MDYZK;
courier;698;三吾驿;;SANWUYI Hunan (三吾驿);111.58423;26.44354;Y;MDYZK;
courier;699;郑家驿;;ZHENGJIAYI Hunan (郑家驿);111.33949;28.70629;Y;MDYZK;
courier;700;新店驿;;XINDIANYI Hunan (新店驿);111.11794;28.63706;Y;MDYZK;
courier;701;北溶驿;;BEIRONGYI Hunan (北溶驿);110.49302;28.63851;Y;MDYZK;
courier;702;谷城;;GUCHENG Hubei (谷城);111.6458;32.26936;Y;MDYZK;
courier;703;均阳驿;;JUNYANGYI Hubei (均阳驿);111.16557;32.66815;Y;MDYZK;
courier;704;郧阳驿;;YUNYANGYI Hubei (郧阳驿);110.81399;32.83374;Y;MDYZK;
courier;705;南平驿;;NANPINGYI Hunan (南平驿);112.05668;29.39306;Y;MDYZK;
courier;706;塔市驿;;TASHIYI Hunan (塔市驿);112.80866;29.73078;N;MDYZK;
courier;707;监利;;JIANLI Hubei (监利);112.90025;29.81576;Y;MDYZK;
courier;708;石首驿;;SHISHOUYI Hubei (石首驿);112.40646;29.72431;Y;MDYZK;
courier;709;定远驿;;DINGYUANYI Gansu (定远驿);104.00359;35.97423;Y;MDYZK;
courier;710;沙井儿驿;;SHAJING'ERYI Gansu (沙井儿驿);103.61777;36.15336;Y;MDYZK;
courier;711;苦水湾驿;;KUSHUIWANYI Gansu (苦水湾驿);103.42487;36.25199;N;MDYZK;
courier;712;红城子驿;;HONGCHENGZIYI Gansu (红城子驿);103.38703;36.46989;Y;MDYZK;
courier;713;在城驿;;ZAICHENGYI Gansu (在城驿);103.25861;36.737;Y;MDYZK;
courier;714;武胜驿;;WUSHENGYI Gansu (武胜驿);103.15778;36.88015;Y;MDYZK;
courier;715;岔口驿;;CHAKOUYI Gansu (岔口驿);103.07923;37.02357;Y;MDYZK;
courier;716;镇光驿;;ZHENGUANGYI Gansu (镇光驿);102.85934;37.16592;Y;MDYZK;
courier;717;黑松林驿;;HEISONGLINYI Gansu (黑松林驿);102.90039;37.35509;Y;MDYZK;
courier;718;古浪所;;GULANGSUO Gansu (古浪所);102.88088;37.46399;N;MDYZK;
courier;719;靖边驿;;JINGBIANYI Gansu (靖边驿);102.83258;37.66917;Y;MDYZK;
courier;720;大河驿;;DAHEYI Gansu (大河驿);102.75048;37.84406;Y;MDYZK;
courier;721;武威驿;;WUWEIYI Gansu (武威驿);102.6347;37.92692;Y;MDYZK;
courier;722;怀安驿;;HUAI'ANYI Gansu (怀安驿);102.4475;38.07139;Y;MDYZK;
courier;723;柔远驿;;ROUYUANYI Gansu (柔远驿);102.27935;38.13495;Y;MDYZK;
courier;724;真景驿;;ZHENJINGYI Gansu (真景驿);101.96912;38.24665;Y;MDYZK;
courier;725;水泉儿驿;;SHUIQUAN'ERYI Gansu (水泉儿驿);101.65009;38.37494;Y;MDYZK;
courier;726;石峡口驿;;SHIXIAKOUYI Gansu (石峡口驿);101.41075;38.50788;Y;MDYZK;
courier;727;山丹驿;;SHANDANYI Gansu (山丹驿);101.08796;38.78111;Y;MDYZK;
courier;728;仁寿驿;;RENSHOUYI Gansu (仁寿驿);100.6788;38.88662;Y;MDYZK;
courier;729;甘州卫;;GANZHOUWEI Gansu (甘州卫);100.44992;38.93311;N;MDYZK;
courier;730;高台所;;GAOTAISUO Gansu (高台所);99.82028;39.38122;N;MDYZK;
courier;731;镇远驿;;ZHENYUANYI Gansu (镇远驿);99.52596;39.75941;Y;MDYZK;
courier;732;肃州卫;;SUZHOUWEI Gansu (肃州卫);98.56667;39.76667;N;MDYZK;
courier;733;嘉峪关驿;;JIAYUGUANYI Gansu (嘉峪关驿);98.30244;39.81652;Y;MDYZK;
courier;734;建忠驿;;JIANZHONGYI Shaanxi (建忠驿);108.9214;34.6178;L;MDYZK;
courier;735;顺义驿;;SHUNYIYI Shaanxi (顺义驿);108.9714;34.9108;Y;MDYZK;
courier;736;翟道驿;;ZHAIDAOYI Shaanxi (翟道驿);109.26382;35.58947;N;MDYZK;
courier;737;云阳驿;;YUNYANGYI Shaanxi (云阳驿);109.13333;35.41667;Y;MDYZK;
courier;738;富州驿;;FUZHOUYI Shaanxi (富州驿);109.3683;35.9914;B;PA_1903;
courier;739;抚安驿;;FU'ANYI Shaanxi (抚安驿);109.34457;36.27863;N;MDYZK;
courier;740;金明驿;;JINMINGYI Shaanxi (金明驿);109.46991;36.59181;Y;MDYZK;
courier;741;干谷驿;;GANGUYI Shaanxi (干谷驿);109.87361;36.695;Y;MDYZK;
courier;742;文安驿;;WEN'ANYI Shaanxi (文安驿);110.04994;36.86401;Y;MDYZK;
courier;743;青涧;;QINGJIANYI Shaanxi (青涧);110.12763;37.09555;N;MDYZK;
courier;744;石嘴岔驿;;SHIZUICHAYI Shaanxi (石嘴岔驿);110.152;37.31491;N;MDYZK;
courier;745;青阳驿;;QINGYANGYI Shaanxi (青阳驿);110.25102;37.49923;N;MDYZK;
courier;746;张村驿;;ZHANGCUNYI Shaanxi (张村驿);109.15;35.91667;Y;MDYZK;
courier;747;隆益镇驿;;LONGYIZHENYI Shaanxi (隆益镇驿);109.00661;35.95813;N;MDYZK;
courier;748;邵庄驿;;SHAOZHUANGYI Gansu (邵庄驿);108.6774;36.12026;Y;MDYZK;
courier;749;宋庄驿;;SONGZHUANGYI Gansu (宋庄驿);108.32707;36.08202;Y;MDYZK;
courier;750;彭原驿;;PENGYUANYI Gansu (彭原驿);107.93047;35.50143;Y;MDYZK;
courier;751;华池驿;;HUACHIYI Gansu (华池驿);108.00684;35.81011;Y;MDYZK;
courier;752;弘化驿;;HONGHUAYI Gansu (弘化驿);107.87602;36.00517;Y;MDYZK;
courier;753;灵驿;;LINGYI Gansu (灵驿);107.64027;36.21722;Y;MDYZK;
courier;754;曲子驿;;QUZIYI Gansu (曲子驿);107.5047;36.29556;Y;MDYZK;
courier;755;灵武驿;;LINGWUYI Gansu (灵武驿);107.30432;36.57341;Y;MDYZK;
courier;756;韦州所;;WEIZHOUSUO Ningxia (韦州所);106.47857;37.27804;N;MDYZK;
courier;757;石沟驿;;SHIGOUYI Ningxia (石沟驿);106.44972;37.71917;N;PA_1903;
courier;758;灵州所;;LINGZHOUSUO Ningxia (灵州所);106.32814;38.08889;N;MDYZK;
courier;759;银川驿;;YINCHUANYI Shaanxi (银川驿);110.18326;37.76026;Y;MDYZK;
courier;760;鱼河驿;;YUHEYI Shaanxi (鱼河驿);109.93477;37.96887;Y;MDYZK;
courier;761;榆林驿;;YULINYI Shaanxi (榆林驿);109.81917;37.98028;Y;MDYZK;
courier;762;榆林卫;;YULINWEI Shaanxi (榆林卫);109.75387;38.29471;Y;MDYZK;
courier;763;高家堡;;GAOJIABAO Shaanxi (高家堡);110.29407;38.555;Y;MDYZK;
courier;764;柏林堡;;BAILINBAO Shaanxi (柏林堡);110.3254;38.73879;Y;MDYZK;
courier;765;镇羌所;;ZHENQIANGBAO Shaanxi (镇羌所);110.71729;39.07056;Y;MDYZK;
courier;766;保德州;;BAODEZHOU Shaanxi (保德州);111.07551;39.02926;Y;MDYZK;
courier;767;宁夏卫;;NINGXIAWEI Ningxia (宁夏卫);106.27397;38.46697;Y;MDYZK;
courier;768;流店驿;;LIUDIANYI Hubei (流店驿);111.501;30.296;Y;MDYZK;
courier;769;凤栖驿;;FENGXIYI Hubei (凤栖驿);111.28916;30.70028;Y;MDYZK;
courier;770;黄牛驿;;HUANGNIUYI Hubei (黄牛驿);111.06945;30.83086;Y;MDYZK;
courier;771;建平驿;;JIANPINGYI Hubei (建平驿);110.69416;30.99962;Y;MDYZK;
courier;772;巴山驿;;BASHANYI Hubei (巴山驿);110.40453;31.03002;N;MDYZK;
courier;773;高塘驿;;GAOTANGYI Chongqing (高塘驿);109.88886;31.08135;Y;MDYZK;
courier;774;永宁驿;;YONGNINGYI Chongqing (永宁驿);109.52475;31.05471;Y;MDYZK;
courier;775;南陀驿;;NANTUOYI Chongqing (南陀驿);109.1;30.93333;Y;MDYZK;
courier;776;五峰驿;;WUFENGYI Chongqing (五峰驿);108.89149;30.96685;Y;MDYZK;
courier;777;巴阳驿;;BAYANGYI Chongqing (巴阳驿);108.61176;30.81578;Y;MDYZK;
courier;778;集贤驿;;JIXIANYI Chongqing (集贤驿);108.3736;30.81286;Y;MDYZK;
courier;779;分水驿;;FENSHUIYI Chongqing (分水驿);108.08334;30.71667;Y;MDYZK;
courier;780;龙溪驿;;LONGXIYI Chongqing (龙溪驿);107.78773;30.66487;Y;MDYZK;
courier;781;太平驿;;TAIPINGYI Sichuan (太平驿);107.20484;30.7382;Y;MDYZK;
courier;782;渠县;;QUXIAN Sichuan (渠县);106.96224;30.84433;Y;MDYZK;
courier;783;广安州;;GUANG'ANZHOU Sichuan (广安州);106.63175;30.47443;Y;MDYZK;
courier;784;盘龙驿;;PANLONGYI Chongqing (盘龙驿);106.55;30.25;Y;MDYZK;
courier;785;土陀驿;;TUTUOYI Chongqing (土陀驿);106.49805;29.78167;Y;MDYZK;
courier;786;渭水驿;;WEISHUIYI Shaanxi (渭水驿);108.70995;34.33905;Y;MDYZK;
courier;787;岐阳驿;;QIYANGYI Shaanxi (岐阳驿);107.38592;34.52252;Y;MDYZK;
courier;788;陇州驿;;LONGZHOUYI Shaanxi (陇州驿);106.85296;34.89141;Y;MDYZK;
courier;789;清水;;QINGSHUIYI Gansu (清水);106.13658;34.7463;N;MDYZK;
courier;790;秦州;;QINZHOU Gansu (秦州);105.71696;34.58547;N;MDYZK;
courier;791;宁远;;NINGYUANYI Gansu (宁远);104.88529;34.72002;N;MDYZK;
courier;792;通安驿;;TONG’ANYI Gansu (通安驿);104.6356;35.00714;N;MDYZK;
courier;793;东河桥驿;;DONGHEQIAOYI Shaanxi (东河桥驿);106.94606;34.23449;Y;MDYZK;
courier;794;松林驿;;SONGLINYI Shaanxi (松林驿);106.53333;33.91667;Y;MDYZK;
courier;795;临红关驿;;LINHONGGUANYI Gansu (临红关驿);104.93819;33.06407;Y;MDYZK;
courier;796;平落驿;;PINGLUOYI Gansu (平落驿);105.41982;33.55455;Y;MDYZK;
courier;797;徽山驿;;HUISHANYI Gansu (徽山驿);106.08667;33.77755;Y;MDYZK;
courier;798;黄花驿;;HUANGHUAYI Gansu (黄花驿);106.29855;33.90963;Y;MDYZK;
courier;799;杀贼桥驿;;SHAZEIQIAOYI Gansu (杀贼桥驿);104.49847;33.69279;N;MDYZK;
courier;800;阶州;;JIEZHOU Gansu (阶州);104.92928;33.39484;Y;MDYZK;
courier;801;宕昌驿;;DANGCHANGYI Gansu (宕昌驿);104.39568;34.05089;Y;MDYZK;
courier;802;岷山驿;;MINSHANYI Gansu (岷山驿);104.03025;34.43646;Y;MDYZK;
courier;803;酒店子驿;;JIUDIANYI Gansu (酒店子驿);104.15152;34.70661;Y;MDYZK;
courier;804;三岔驿;;SANCHAYI Gansu (三岔驿);104.3287;34.87931;Y;MDYZK;
courier;805;桌旦驿;;ZHUODANYI Gansu (桌旦驿);104.47214;34.85064;L;MDYZK;
courier;806;青家驿;;QINGJIAYI Gansu (青家驿);105.43492;35.70248;Y;MDYZK;
courier;807;西巩驿;;XIGONGYI Gansu (西巩驿);104.8465;35.65801;Y;MDYZK;
courier;808;通安驿;;TONG'ANYI Gansu (通安驿);104.67754;35.30017;Y;MDYZK;
courier;809;马道驿;;MADAOYI Shaanxi (马道驿);106.92735;33.61924;Y;MDYZK;
courier;810;顺政驿;;SHUNZHENGYI Shaanxi (顺政驿);106.62171;33.15101;Y;MDYZK;
courier;811;金牛驿;;JINNIUYI Shaanxi (金牛驿);106.38165;33.07498;Y;MDYZK;
courier;812;阳平驿;;YANGPINGYI Shaanxi (阳平驿);106.29188;33.04306;Y;MDYZK;
courier;813;黄坝驿;;HUANGBAYI Shaanxi (黄坝驿);106.25531;32.81933;Y;MDYZK;
courier;814;神宣驿;;SHENXUANYI Sichuan (神宣驿);106.00118;32.66309;Y;MDYZK;
courier;815;朝天驿;;CHAOTIANYI Sichuan (朝天驿);105.89238;32.62901;Y;MDYZK;
courier;816;沙河驿;;SHAHEYI Sichuan (沙河驿);105.85261;32.54853;Y;MDYZK;
courier;817;柏林驿;;BAILINYI Sichuan (柏林驿);105.87879;32.0931;Y;MDYZK;
courier;818;龙潭驿;;LONGTANYI Sichuan (龙潭驿);105.85007;32.31844;Y;MDYZK;
courier;819;柳边驿;;LIUBIANYI Sichuan (柳边驿);105.71904;31.37332;Y;MDYZK;
courier;820;富村驿;;FUCUNYI Sichuan (富村驿);105.54237;31.31459;N;MDYZK;
courier;821;云谿驿;;YUNXIYI Sichuan (云谿驿);105.37611;31.22931;Y;MDYZK;
courier;822;秋林驿;;QIULINYI Sichuan (秋林驿);105.24311;31.14603;Y;MDYZK;
courier;823;西平驿;;XIPINGYI Sichuan (西平驿);104.77802;32.04075;Y;MDYZK;
courier;824;小谿驿;;XIAOXIYI Sichuan (小谿驿);104.7724;32.28007;Y;MDYZK;
courier;825;古城驿;;GUCHENGYI Sichuan (古城驿);104.63376;32.38552;Y;MDYZK;
courier;826;武平驿;;WUPINGYI Sichuan (武平驿);104.59977;32.41689;Y;MDYZK;
courier;827;水进驿;;SHUIJINYI Sichuan (水进驿);104.22058;32.49864;N;MDYZK;
courier;828;小河驿;;XIAOHEYI Sichuan (小河驿);104.1534;32.59697;Y;MDYZK;
courier;829;三舍驿;;SANSHEYI Sichuan (三舍驿);103.89972;32.79005;Y;MDYZK;
courier;830;建宁驿;;JIANNINGYI Sichuan (建宁驿);104.87599;31.07729;Y;MDYZK;
courier;831;古店驿;;GUDIANYI Sichuan (古店驿);104.49978;30.99873;Y;MDYZK;
courier;832;太平驿;;TAIPINGYI Sichuan (太平驿);103.49946;31.14637;Y;MDYZK;
courier;833;镇平驿;;ZHENPINGYI Sichuan (镇平驿);103.7698;32.23402;Y;MDYZK;
courier;834;来达驿;;LAIDAYI Sichuan (来达驿);103.681;32.04318;Y;MDYZK;
courier;835;长宁驿;;CHANGNINGYI Sichuan (长宁驿);103.78058;31.78489;Y;MDYZK;
courier;836;归化驿;;GUIHUAYI Sichuan (归化驿);103.62669;32.56798;Y;MDYZK;
courier;837;木马驿;;MUMAYI Sichuan (木马驿);104.06667;30.5;Y;MDYZK;
courier;838;百丈驿;;BAIZHANGYI Sichuan (百丈驿);103.25;30.18333;Y;MDYZK;
courier;839;谿龙驿;;XILONGYI Sichuan (谿龙驿);102.18289;28.13118;Y;MDYZK;
courier;840;禄马驿;;LUMAYI Sichuan (禄马驿);102.2076;27.72061;Y;MDYZK;
courier;841;罗东驿;;LUODONGYI Sichuan (罗东驿);104.43333;28.63333;Y;MDYZK;
courier;842;泥溪驿;;NIXIYI Sichuan (泥溪驿);104.16131;28.65673;Y;MDYZK;
courier;843;曼彝司;;MANYISI Sichuan (曼彝司);103.91584;28.7492;Y;MDYZK;
courier;844;通邮驿;;TONGYOUYI Sichuan (通邮驿);105.35044;28.58093;Y;MDYZK;
courier;845;江门驿;;JIANGMENYI Sichuan (江门驿);105.32832;28.45998;Y;MDYZK;
courier;846;永安驿;;YONG'ANYI Sichuan (永安驿);105.37023;28.38428;Y;MDYZK;
courier;847;赤水驿;;CHISHUIWEI Sichuan (赤水驿);105.58027;27.72927;N;MDYZK;
courier;848;摩泥驿;;MONIYI Sichuan (摩泥驿);105.58334;27.85;Y;MDYZK;
courier;849;普市驿;;PUSHIYI Sichuan (普市驿);105.56741;27.93434;Y;MDYZK;
courier;850;永安驿;;YONG'ANYI Sichuan (永安驿);105.46938;28.06464;Y;MDYZK;
courier;851;毕节驿;;BIJIEYI Guizhou (毕节驿);105.284;27.30808;N;MDYZK;
courier;852;周尼驿;;ZHOUNIYI Guizhou (周尼驿);104.82889;27.31111;Y;MDYZK;
courier;853;赫章驿;;HEIZHANGYI Guizhou (赫章驿);104.72208;27.12747;B;PA_1903;
courier;854;瓦甸驿;;WADIANYI Guizhou (瓦甸驿);104.50623;27.03904;L;MDYZK;
courier;855;在城驿;;ZAICHENGYI Guizhou (在城驿);104.28983;26.86027;L;MDYZK;
courier;856;乌撒驿;;WUSAYI Guizhou (乌撒驿);104.23333;26.76667;L;MDYZK;
courier;857;普德归驿;;PUDEGUIYI Guizhou (普德归驿);103.88333;26.53333;L;MDYZK;
courier;858;南津驿;;NANJINYI Sichuan (南津驿);104.69256;30.03549;Y;MDYZK;
courier;859;白沙镇驿;;BAISHAZHENYI Chongqing (白沙镇驿);106.13114;29.05812;Y;MDYZK;
courier;860;牛脑驿;;NIUNAOYI Chongqing (牛脑驿);105.89594;28.9206;Y;MDYZK;
courier;861;立市驿;;LISHIYI Chongqing (立市驿);105.95289;29.04802;Y;MDYZK;
courier;862;江津驿;;JIANGJINYI Chongqing (江津驿);106.25296;29.28151;Y;MDYZK;
courier;863;匡庐驿;;KUANGLUYI Jiangxi (匡庐驿);116.04112;29.45349;Y;MDYZK;
courier;864;吴城驿;;WUCHENGYI Jiangxi (吴城驿);115.99441;29.17683;Y;MDYZK;
courier;865;樵舍驿;;QIAOSHEYI Jiangxi (樵舍驿);115.97885;28.85415;Y;MDYZK;
courier;866;市汊驿;;SHICHAYI Jiangxi (市汊驿);115.83669;28.41129;Y;MDYZK;
courier;867;剑江驿;;JIANJIANGYI Jiangxi (剑江驿);115.78578;28.19775;Y;MDYZK;
courier;868;分宜;;FENYI Jiangxi (分宜);114.67572;27.81605;Y;MDYZK;
courier;869;安仁驿;;ANRENYI Jiangxi (安仁驿);114.81561;27.70849;Y;MDYZK;
courier;870;罗溪驿;;LUOXIYI Jiangxi (罗溪驿);114.93114;27.80408;Y;MDYZK;
courier;871;秀江驿;;XIUJIANGYI Jiangxi (秀江驿);114.37589;27.79427;N;MDYZK;
courier;872;袁州府;;YUANZHOUFU Jiangxi (袁州府);114.42476;27.84432;N;MDYZK;
courier;873;白沙驿;;BAISHAYI Jiangxi (白沙驿);115.0939;27.32752;Y;MDYZK;
courier;874;皂口驿;;ZAOKOUYI Jiangxi (皂口驿);114.90591;26.32242;Y;MDYZK;
courier;875;攸镇驿;;YOUZHENYI Jiangxi (攸镇驿);114.9055;26.12981;Y;MDYZK;
courier;876;小溪驿;;XIAOXIYI Jiangxi (小溪驿);114.55;25.48333;Y;MDYZK;
courier;877;武阳驿;;WUYANGYI Jiangxi (武阳驿);116.00349;28.52697;Y;MDYZK;
courier;878;孔家渡驿;;KONGJIADUYI Jiangxi (孔家渡驿);116.35501;27.97994;N;MDYZK;
courier;879;旰江驿;;GANJIANGYI Jiangxi (旰江驿);116.62745;27.55972;Y;MDYZK;
courier;880;杉关驿;;SHANGUANYI Fujian (杉关驿);117.11884;27.68365;N;MDYZK;
courier;881;杭川驿;;HANGCHUANYI Fujian (杭川驿);117.33325;27.53952;Y;MDYZK;
courier;882;樵川驿;;QIAOCHUANYI Fujian (樵川驿);117.4834;27.33769;Y;MDYZK;
courier;883;拏口驿;;NAKOUYI Fujian (拏口驿);117.64282;27.14667;Y;MDYZK;
courier;884;王台驿;;WANGTAIYI Fujian (王台驿);117.9653;26.63753;N;MDYZK;
courier;885;双峰驿;;SHUANGFENGYI Fujian (双峰驿);117.806;26.79672;Y;MDYZK;
courier;886;富屯驿;;FUTUNYI Fujian (富屯驿);117.77144;26.93263;Y;MDYZK;
courier;887;茶洋驿;;CHAYANGYI Fujian (茶洋驿);118.40935;26.51427;Y;MDYZK;
courier;888;水口驿;;SHUIKOUYI Fujian (水口驿);118.76129;26.35918;Y;MDYZK;
courier;889;大田驿;;DATIANYI Fujian (大田驿);119.33667;25.87361;Y;MDYZK;
courier;890;福清;;FUQINGYI Fujian (福清);119.38144;25.72792;Y;MDYZK;
courier;891;宏路驿;;HONGLUYI Fujian (宏路驿);119.32034;25.70618;Y;MDYZK;
courier;892;蒜岭驿;;SUANLINGYI Fujian (蒜岭驿);119.23333;25.53333;Y;MDYZK;
courier;893;莆阳驿;;PUYANGYI Fujian (莆阳驿);119.0111;25.43395;Y;MDYZK;
courier;894;锦田驿;;JINTIANYI Fujian (锦田驿);118.80282;25.02208;Y;MDYZK;
courier;895;枫亭驿;;FENGTINGYI Fujian (枫亭驿);118.84442;25.24142;Y;MDYZK;
courier;896;晋安驿;;JIN'ANYI Fujian (晋安驿);118.58991;24.90964;Y;MDYZK;
courier;897;康店驿;;KANGDIANYI Fujian (康店驿);118.41775;24.74671;Y;MDYZK;
courier;898;大轮驿;;DALUNYI Fujian (大轮驿);118.1445;24.7367;Y;MDYZK;
courier;899;深青驿;;SHENQINGYI Fujian (深青驿);117.96396;24.59382;Y;MDYZK;
courier;900;江东驿;;JIANGDONGYI Fujian (江东驿);117.89989;24.52445;Y;MDYZK;
courier;901;丹霞驿;;DANXIAYI Fujian (丹霞驿);117.65305;24.51174;Y;MDYZK;
courier;902;甘棠驿;;GANTANGYI Fujian (甘棠驿);117.67427;24.26871;N;MDYZK;
courier;903;临漳驿;;LINZHANGYI Fujian (临漳驿);117.6107;24.11708;Y;MDYZK;
courier;904;云霄驿;;YUNXIAOYI Fujian (云霄驿);117.32831;23.95955;Y;MDYZK;
courier;905;南诏驿;;NANZHAOYI Fujian (南诏驿);117.17467;23.70476;Y;MDYZK;
courier;906;南靖;;NANJINGYI Fujian (南靖);117.50569;24.57299;Y;MDYZK;
courier;907;平南驿;;PINGNANYI Fujian (平南驿);117.29586;24.77877;Y;MDYZK;
courier;908;适中驿;;SHIZHONGYI Fujian (适中驿);117.11513;24.88144;Y;MDYZK;
courier;909;大横驿;;DAHENGYI Fujian (大横驿);118.25579;26.76865;Y;MDYZK;
courier;910;太平驿;;TAIPINGYI Fujian (太平驿);118.29058;26.91059;Y;MDYZK;
courier;911;叶坊驿;;YEFANGYI Fujian (叶坊驿);118.2;27.21667;Y;MDYZK;
courier;912;兴田驿;;XINGTIANYI Fujian (兴田驿);118.06627;27.50351;Y;MDYZK;
courier;913;长平驿;;CHANGPINGYI Fujian (长平驿);118.02678;27.75603;Y;MDYZK;
courier;914;大安驿;;DA'ANYI Fujian (大安驿);117.89383;27.87027;Y;MDYZK;
courier;915;车盘驿;;CHEPANYI Jiangxi (车盘驿);117.8;28;Y;MDYZK;
courier;916;鹅湖驿;;EHUYI Jiangxi (鹅湖驿);117.77659;28.20845;Y;MDYZK;
courier;917;葛阳驿;;GEYANGYI Jiangxi (葛阳驿);117.96505;28.44792;Y;MDYZK;
courier;918;怀玉驿;;HUAIYUYI Jiangxi (怀玉驿);118.24018;28.6796;Y;MDYZK;
courier;919;常山驿;;CHANGSHANYI Zhejiang (常山驿);118.50266;28.90373;Y;MDYZK;
courier;920;草平驿;;CAOPINGYI Jiangxi (草平驿);118.34402;28.81248;Y;MDYZK;
courier;921;双溪驿;;SHUANGXIYI Zhejiang (双溪驿);119.64992;29.10471;Y;MDYZK;
courier;922;丹峰驿;;DANFENGYI Zhejiang (丹峰驿);120.05844;28.64839;Y;MDYZK;
courier;923;华溪驿;;HUAXIYI Zhejiang (华溪驿);120.02525;28.89727;Y;MDYZK;
courier;924;括苍驿;;KUOCANGYI Zhejiang (括苍驿);119.91301;28.44873;N;MDYZK;
courier;925;芝田驿;;ZHITIANYI Zhejiang (芝田驿);120.28816;28.14388;Y;MDYZK;
courier;926;象浦驿;;XIANGPUYI Zhejiang (象浦驿);120.65322;28.01829;Y;MDYZK;
courier;927;窑奥岭驿;;YAO'AOLINGYI Zhejiang (窑奥岭驿);120.95769;28.13068;Y;MDYZK;
courier;928;西皋驿;;XIGAOYI Zhejiang (西皋驿);121.10145;28.26831;Y;MDYZK;
courier;929;馆头驿;;GUANTOUYI Zhejiang (馆头驿);121.14601;28.41246;Y;MDYZK;
courier;930;岭店驿;;LINGDIANYI Zhejiang (岭店驿);121.25639;28.50194;Y;MDYZK;
courier;931;黄岩;;HUANGYANYI Zhejiang (黄岩);121.25835;28.64261;Y;MDYZK;
courier;932;赤城驿;;CHICHENGYI Zhejiang (赤城驿);121.1206;28.84313;Y;MDYZK;
courier;933;朱家奥驿;;ZHUJIA'AOYI Zhejiang (朱家奥驿);121.27705;29.0649;Y;MDYZK;
courier;934;桑州驿;;SANGZHOUYI Zhejiang (桑州驿);121.31554;29.16095;Y;MDYZK;
courier;935;白峤驿;;BAIIAOYI Zhejiang (白峤驿);121.32806;29.26528;N;MDYZK;
courier;936;宁海;;NINGHAIYI Zhejiang (宁海);121.41666;29.3;Y;MDYZK;
courier;937;连山驿;;LIANSHANYI Zhejiang (连山驿);121.40691;29.65166;Y;MDYZK;
courier;938;四明驿;;SIMINGYI Zhejiang (四明驿);121.54294;29.86476;Y;MDYZK;
courier;939;车厩驿;;CHEJIUYI Zhejiang (车厩驿);121.4442;29.9792;Y;MDYZK;
courier;940;姚江驿;;YAOJIANGYI Zhejiang (姚江驿);121.15276;30.04907;Y;MDYZK;
courier;941;东关驿;;DONGGUANYI Zhejiang (东关驿);120.97359;29.95265;Y;MDYZK;
courier;942;蓬莱驿;;PENGLAIYI Zhejiang (蓬莱驿);120.57826;30.00452;L;MDYZK;
courier;943;西兴驿;;XIXINGYI Zhejiang (西兴驿);120.22258;30.198;Y;MDYZK;
courier;944;灵山驿;;LINGSHANYI Guangdong (灵山驿);116.59406;23.26095;Y;MDYZK;
courier;945;武宁驿;;WUNINGYI Guangdong (武宁驿);116.50467;23.07859;Y;MDYZK;
courier;946;惠来;;HUILAI Guangdong (惠来);116.28851;23.03913;Y;MDYZK;
courier;947;北山驿;;BEISHANYI Guangdong (北山驿);116.15902;22.99653;Y;MDYZK;
courier;948;大陂驿;;DAPOYI Guangdong (大陂驿);115.76659;22.95196;Y;MDYZK;
courier;949;平安驿;;PING'ANYI Guangdong (平安驿);115.20752;22.8946;Y;MDYZK;
courier;950;平政驿;;PINGZHENGYI Guangdong (平政驿);114.89738;22.84036;Y;MDYZK;
courier;951;平山驿;;PINGSHANYI Guangdong (平山驿);114.71667;22.98333;Y;MDYZK;
courier;952;义合驿;;YIHEYI Guangdong (义合驿);114.86657;23.83987;Y;MDYZK;
courier;953;铁冈驿;;TIEGANGYI Guangdong (铁冈驿);114.08814;23.06669;Y;MDYZK;
courier;954;黄家山驿;;HUANGJIASHANYI Guangdong (黄家山驿);113.8526;23.11049;Y;MDYZK;
courier;955;苏州驿;;SUZHOUYI Guangdong (苏州驿);114.17503;23.08547;Y;MDYZK;
courier;956;东州驿;;DONGZHOUYI Guangdong (东州驿);113.54062;23.09425;Y;MDYZK;
courier;957;旅顺口驿;;LUSHUNKOUYI Liaoning (旅顺口驿);121.25556;38.80872;Y;MDYZK;
courier;958;木场驿;;MUCHANGYI Liaoning (木场驿);121.43474;38.98242;Y;MDYZK;
courier;959;金州驿;;JINZHOUYI Liaoning (金州驿);121.70105;39.09895;Y;MDYZK;
courier;960;石河驿;;SHIHEYI Liaoning (石河驿);121.86667;39.33333;Y;MDYZK;
courier;961;孛兰驿;;BOLANYI Liaoning (孛兰驿);121.95647;39.39003;N;MDYZK;
courier;962;怀化驿;;HUAIHUAYI Hunan (怀化驿);110.11226;27.6201;Y;MDYZK;
courier;963;山塘驿;;SHANTANGYI Hunan (山塘驿);110.23333;27.9;Y;MDYZK;
courier;964;江口驿;;JIANGKOUYI Hunan (江口驿);110.3;28.35;Y;MDYZK;
courier;965;辰阳驿;;CHENYANGYI Hunan (辰阳驿);110.39209;28.44055;L;MDYZK;
courier;966;茅冈司;;MAOGANGSI Hunan (茅冈司);110.1853;29.2369;Y;MDYZK;
courier;967;临江驿;;LINJIANGYI Hunan (临江驿);112.85;29.53333;Y;MDYZK;
courier;968;城陵矶驿;;CHENGLINGJIYI Hunan (城陵矶驿);113.13136;29.43305;Y;MDYZK;
courier;969;栾古驿;;LUANGUYI Liaoning (栾古驿);121.87013;39.51234;Y;MDYZK;
courier;970;复州驿;;FUZHOUYI Liaoning (复州驿);121.7116;39.73374;Y;MDYZK;
courier;971;五十寨驿;;WUSHIZHAIYI Liaoning (五十寨驿);121.98333;40.05;Y;MDYZK;
courier;972;熊岳驿;;XIONGYUEYI Liaoning (熊岳驿);122.12763;40.17737;Y;MDYZK;
courier;973;盖州驿;;GAIZHOUYI Liaoning (盖州驿);122.33334;40.4;Y;MDYZK;
courier;974;耀州驿;;YAOZHOUYI Liaoning (耀州驿);122.525;40.61336;N;MDYZK;
courier;975;在城驿;;ZAICHENGYI Liaoning (在城驿);122.74804;40.86553;Y;MDYZK;
courier;976;鞍山驿;;ANSHANYI Liaoning (鞍山驿);122.94241;41.07394;Y;MDYZK;
courier;977;辽东都司;;LIAODONGDUSI Liaoning (辽东都司);123.16798;41.26585;Y;MDYZK;
courier;978;虎皮驿;;HUPIYI Liaoning (虎皮驿);123.35186;41.51085;Y;MDYZK;
courier;979;蒲河所;;PUHESUO Liaoning (蒲河所);123.58289;41.94787;Y;MDYZK;
courier;980;懿路驿;;YILUYI Liaoning (懿路驿);123.64958;42.09927;Y;MDYZK;
courier;981;器州驿;;QIZHOUYI Liaoning (器州驿);123.84785;42.29551;N;MDYZK;
courier;982;中固城;;ZHONGGUCHENG Liaoning (中固城);123.99208;42.44029;Y;MDYZK;
courier;983;安乐州;;ANLEZHOUYI Liaoning (安乐州);124.07674;42.60439;Y;MDYZK;
courier;984;威远堡;;WEIYUANBAO Liaoning (威远堡);124.27509;42.66938;Y;MDYZK;
courier;985;牛庄驿;;NIUZHUANGYI Liaoning (牛庄驿);122.52367;40.94553;Y;MDYZK;
courier;986;西宁堡;;XININGBAO Liaoning (西宁堡);122.36667;41.01667;Y;MDYZK;
courier;987;沙岭驿;;SHALINGYI Liaoning (沙岭驿);122.36706;41.14558;Y;MDYZK;
courier;988;盘山驿;;PANSHANYI Liaoning (盘山驿);122.00507;41.47808;Y;MDYZK;
courier;989;西平驿;;XIPINGYI Liaoning (西平驿);122.33701;41.2467;Y;MDYZK;
courier;990;板桥驿;;BANQIAOYI Liaoning (板桥驿);121.7866;41.59517;Y;MDYZK;
courier;991;牵马岭驿;;QIANMALINGYI Liaoning (牵马岭驿);121.5639;41.55171;N;MDYZK;
courier;992;义州驿;;YIZHOUYI Liaoning (义州驿);121.24303;41.53939;Y;MDYZK;
courier;993;闾阳驿;;LVYANGYI Liaoning (闾阳驿);121.665;41.37917;N;MDYZK;
courier;994;十三山驿;;SHISANSHANYI Liaoning (十三山驿);121.50592;41.26259;Y;MDYZK;
courier;995;杏山驿;;XINGSHANYI Liaoning (杏山驿);121.07874;40.9465;L;MDYZK;
courier;996;小凌河驿;;XIAOLINGHEYI Liaoning (小凌河驿);121.25663;41.09718;Y;MDYZK;
courier;997;广宁中左所;;GUANGGNINGZHONGZUOSUOYI Liaoning (广宁中左所);121.40003;41.19193;Y;MDYZK;
courier;998;广宁中前所;;GUANGNINGZHONGQIANSUOYI Liaoning (广宁中前所);119.95204;40.09101;Y;MDYZK;
courier;999;高岭驿;;GAOLINGYI Liaoning (高岭驿);120.00385;40.14628;Y;MDYZK;
courier;1000;背阴障堡;;BEIYINZHANGBAO Liaoning (背阴障堡);120.1;40.2;Y;MDYZK;
courier;1001;沙河驿;;SHAHEYI Liaoning (沙河驿);120.25;40.28333;Y;MDYZK;
courier;1002;广宁中后所;;GUANGNINGZHONGHOUSUO Liaoning (广宁中后所);120.35;40.35;Y;MDYZK;
courier;1003;东关驿;;DONGGUANYI Liaoning (东关驿);120.43804;40.36014;Y;MDYZK;
courier;1004;宁远中左所;;NINGYUANZHONGZUOSUO Liaoning (宁远中左所);120.99159;40.8959;Y;MDYZK;
courier;1005;连山驿;;LIANSHANYI Liaoning (连山驿);120.9012;40.76723;Y;MDYZK;
courier;1006;曹庄驿;;CAOZHUANGYI Liaoning (曹庄驿);120.57098;40.47993;Y;MDYZK;
courier;1007;宁远中右所;;NINGYUANZHONGYOUSUO Liaoning (宁远中右所);120.5;40.43333;N;MDYZK;
courier;1008;宁远卫;;NINGYUANWEI Liaoning (宁远卫);120.70331;40.61703;Y;MDYZK;
courier;1009;通道;;TONGDAO Hunan (通道);109.38816;25.21785;L;MDYZK;
